item,class,target,comp,ctrl,role,cycle,act
0,rhyme,b^t,k^t,ist,targ,1,-0.010000
0,rhyme,b^t,k^t,ist,comp,1,-0.010000
0,rhyme,b^t,k^t,ist,ctrl,1,-0.010000
0,rhyme,b^t,k^t,ist,targ,2,-0.010000
0,rhyme,b^t,k^t,ist,comp,2,-0.010000
0,rhyme,b^t,k^t,ist,ctrl,2,-0.010000
0,rhyme,b^t,k^t,ist,targ,3,-0.010000
0,rhyme,b^t,k^t,ist,comp,3,-0.010000
0,rhyme,b^t,k^t,ist,ctrl,3,-0.010000
0,rhyme,b^t,k^t,ist,targ,4,-0.010000
0,rhyme,b^t,k^t,ist,comp,4,-0.010000
0,rhyme,b^t,k^t,ist,ctrl,4,-0.010000
0,rhyme,b^t,k^t,ist,targ,5,-0.010000
0,rhyme,b^t,k^t,ist,comp,5,-0.010000
0,rhyme,b^t,k^t,ist,ctrl,5,-0.010000
0,rhyme,b^t,k^t,ist,targ,6,-0.010000
0,rhyme,b^t,k^t,ist,comp,6,-0.010000
0,rhyme,b^t,k^t,ist,ctrl,6,-0.010000
0,rhyme,b^t,k^t,ist,targ,7,-0.010000
0,rhyme,b^t,k^t,ist,comp,7,-0.010000
0,rhyme,b^t,k^t,ist,ctrl,7,-0.010000
0,rhyme,b^t,k^t,ist,targ,8,-0.010000
0,rhyme,b^t,k^t,ist,comp,8,-0.010000
0,rhyme,b^t,k^t,ist,ctrl,8,-0.010000
0,rhyme,b^t,k^t,ist,targ,9,-0.010000
0,rhyme,b^t,k^t,ist,comp,9,-0.010000
0,rhyme,b^t,k^t,ist,ctrl,9,-0.010000
0,rhyme,b^t,k^t,ist,targ,10,-0.010000
0,rhyme,b^t,k^t,ist,comp,10,-0.010000
0,rhyme,b^t,k^t,ist,ctrl,10,-0.010000
0,rhyme,b^t,k^t,ist,targ,11,-0.010000
0,rhyme,b^t,k^t,ist,comp,11,-0.010000
0,rhyme,b^t,k^t,ist,ctrl,11,-0.010000
0,rhyme,b^t,k^t,ist,targ,12,-0.010000
0,rhyme,b^t,k^t,ist,comp,12,-0.010000
0,rhyme,b^t,k^t,ist,ctrl,12,-0.010000
0,rhyme,b^t,k^t,ist,targ,13,-0.010000
0,rhyme,b^t,k^t,ist,comp,13,-0.010000
0,rhyme,b^t,k^t,ist,ctrl,13,-0.010000
0,rhyme,b^t,k^t,ist,targ,14,-0.010000
0,rhyme,b^t,k^t,ist,comp,14,-0.010000
0,rhyme,b^t,k^t,ist,ctrl,14,-0.010000
0,rhyme,b^t,k^t,ist,targ,15,-0.010000
0,rhyme,b^t,k^t,ist,comp,15,-0.010000
0,rhyme,b^t,k^t,ist,ctrl,15,-0.010000
0,rhyme,b^t,k^t,ist,targ,16,-0.010000
0,rhyme,b^t,k^t,ist,comp,16,-0.010000
0,rhyme,b^t,k^t,ist,ctrl,16,-0.010000
0,rhyme,b^t,k^t,ist,targ,17,-0.010000
0,rhyme,b^t,k^t,ist,comp,17,-0.010000
0,rhyme,b^t,k^t,ist,ctrl,17,-0.010000
0,rhyme,b^t,k^t,ist,targ,18,-0.010000
0,rhyme,b^t,k^t,ist,comp,18,-0.010000
0,rhyme,b^t,k^t,ist,ctrl,18,-0.010000
0,rhyme,b^t,k^t,ist,targ,19,-0.010000
0,rhyme,b^t,k^t,ist,comp,19,-0.010000
0,rhyme,b^t,k^t,ist,ctrl,19,-0.010000
0,rhyme,b^t,k^t,ist,targ,20,-0.010000
0,rhyme,b^t,k^t,ist,comp,20,-0.010000
0,rhyme,b^t,k^t,ist,ctrl,20,-0.010000
0,rhyme,b^t,k^t,ist,targ,21,-0.008341
0,rhyme,b^t,k^t,ist,comp,21,-0.010000
0,rhyme,b^t,k^t,ist,ctrl,21,-0.010000
0,rhyme,b^t,k^t,ist,targ,22,-0.003402
0,rhyme,b^t,k^t,ist,comp,22,-0.010000
0,rhyme,b^t,k^t,ist,ctrl,22,-0.010000
0,rhyme,b^t,k^t,ist,targ,23,0.005769
0,rhyme,b^t,k^t,ist,comp,23,-0.009822
0,rhyme,b^t,k^t,ist,ctrl,23,-0.010000
0,rhyme,b^t,k^t,ist,targ,24,0.017722
0,rhyme,b^t,k^t,ist,comp,24,-0.009852
0,rhyme,b^t,k^t,ist,ctrl,24,-0.010000
0,rhyme,b^t,k^t,ist,targ,25,0.029921
0,rhyme,b^t,k^t,ist,comp,25,-0.010000
0,rhyme,b^t,k^t,ist,ctrl,25,-0.010000
0,rhyme,b^t,k^t,ist,targ,26,0.039766
0,rhyme,b^t,k^t,ist,comp,26,-0.010001
0,rhyme,b^t,k^t,ist,ctrl,26,-0.010001
0,rhyme,b^t,k^t,ist,targ,27,0.048163
0,rhyme,b^t,k^t,ist,comp,27,-0.010002
0,rhyme,b^t,k^t,ist,ctrl,27,-0.010002
0,rhyme,b^t,k^t,ist,targ,28,0.057438
0,rhyme,b^t,k^t,ist,comp,28,-0.010003
0,rhyme,b^t,k^t,ist,ctrl,28,-0.010003
0,rhyme,b^t,k^t,ist,targ,29,0.068537
0,rhyme,b^t,k^t,ist,comp,29,-0.010003
0,rhyme,b^t,k^t,ist,ctrl,29,-0.010003
0,rhyme,b^t,k^t,ist,targ,30,0.080534
0,rhyme,b^t,k^t,ist,comp,30,-0.010002
0,rhyme,b^t,k^t,ist,ctrl,30,-0.010002
0,rhyme,b^t,k^t,ist,targ,31,0.092876
0,rhyme,b^t,k^t,ist,comp,31,-0.010002
0,rhyme,b^t,k^t,ist,ctrl,31,-0.010002
0,rhyme,b^t,k^t,ist,targ,32,0.105324
0,rhyme,b^t,k^t,ist,comp,32,-0.010002
0,rhyme,b^t,k^t,ist,ctrl,32,-0.010002
0,rhyme,b^t,k^t,ist,targ,33,0.120136
0,rhyme,b^t,k^t,ist,comp,33,-0.010002
0,rhyme,b^t,k^t,ist,ctrl,33,-0.010002
0,rhyme,b^t,k^t,ist,targ,34,0.138513
0,rhyme,b^t,k^t,ist,comp,34,-0.010002
0,rhyme,b^t,k^t,ist,ctrl,34,-0.010002
0,rhyme,b^t,k^t,ist,targ,35,0.158994
0,rhyme,b^t,k^t,ist,comp,35,-0.010002
0,rhyme,b^t,k^t,ist,ctrl,35,-0.010002
0,rhyme,b^t,k^t,ist,targ,36,0.180370
0,rhyme,b^t,k^t,ist,comp,36,-0.010002
0,rhyme,b^t,k^t,ist,ctrl,36,-0.010002
0,rhyme,b^t,k^t,ist,targ,37,0.201813
0,rhyme,b^t,k^t,ist,comp,37,-0.010002
0,rhyme,b^t,k^t,ist,ctrl,37,-0.010002
0,rhyme,b^t,k^t,ist,targ,38,0.223008
0,rhyme,b^t,k^t,ist,comp,38,-0.010002
0,rhyme,b^t,k^t,ist,ctrl,38,-0.010002
0,rhyme,b^t,k^t,ist,targ,39,0.243799
0,rhyme,b^t,k^t,ist,comp,39,-0.010002
0,rhyme,b^t,k^t,ist,ctrl,39,-0.010002
0,rhyme,b^t,k^t,ist,targ,40,0.264078
0,rhyme,b^t,k^t,ist,comp,40,-0.010001
0,rhyme,b^t,k^t,ist,ctrl,40,-0.010001
0,rhyme,b^t,k^t,ist,targ,41,0.283777
0,rhyme,b^t,k^t,ist,comp,41,-0.010001
0,rhyme,b^t,k^t,ist,ctrl,41,-0.010001
0,rhyme,b^t,k^t,ist,targ,42,0.302937
0,rhyme,b^t,k^t,ist,comp,42,-0.010001
0,rhyme,b^t,k^t,ist,ctrl,42,-0.010001
0,rhyme,b^t,k^t,ist,targ,43,0.321520
0,rhyme,b^t,k^t,ist,comp,43,-0.010001
0,rhyme,b^t,k^t,ist,ctrl,43,-0.010001
0,rhyme,b^t,k^t,ist,targ,44,0.339441
0,rhyme,b^t,k^t,ist,comp,44,-0.010001
0,rhyme,b^t,k^t,ist,ctrl,44,-0.010001
0,rhyme,b^t,k^t,ist,targ,45,0.356625
0,rhyme,b^t,k^t,ist,comp,45,-0.010002
0,rhyme,b^t,k^t,ist,ctrl,45,-0.010002
0,rhyme,b^t,k^t,ist,targ,46,0.373051
0,rhyme,b^t,k^t,ist,comp,46,-0.010006
0,rhyme,b^t,k^t,ist,ctrl,46,-0.010006
0,rhyme,b^t,k^t,ist,targ,47,0.388745
0,rhyme,b^t,k^t,ist,comp,47,-0.010015
0,rhyme,b^t,k^t,ist,ctrl,47,-0.010015
0,rhyme,b^t,k^t,ist,targ,48,0.403767
0,rhyme,b^t,k^t,ist,comp,48,-0.010029
0,rhyme,b^t,k^t,ist,ctrl,48,-0.010029
0,rhyme,b^t,k^t,ist,targ,49,0.418236
0,rhyme,b^t,k^t,ist,comp,49,-0.010047
0,rhyme,b^t,k^t,ist,ctrl,49,-0.010047
0,rhyme,b^t,k^t,ist,targ,50,0.432133
0,rhyme,b^t,k^t,ist,comp,50,-0.010068
0,rhyme,b^t,k^t,ist,ctrl,50,-0.010068
0,rhyme,b^t,k^t,ist,targ,51,0.445408
0,rhyme,b^t,k^t,ist,comp,51,-0.010089
0,rhyme,b^t,k^t,ist,ctrl,51,-0.010089
0,rhyme,b^t,k^t,ist,targ,52,0.458001
0,rhyme,b^t,k^t,ist,comp,52,-0.010107
0,rhyme,b^t,k^t,ist,ctrl,52,-0.010107
0,rhyme,b^t,k^t,ist,targ,53,0.469829
0,rhyme,b^t,k^t,ist,comp,53,-0.010121
0,rhyme,b^t,k^t,ist,ctrl,53,-0.010121
0,rhyme,b^t,k^t,ist,targ,54,0.480808
0,rhyme,b^t,k^t,ist,comp,54,-0.010130
0,rhyme,b^t,k^t,ist,ctrl,54,-0.010130
0,rhyme,b^t,k^t,ist,targ,55,0.490878
0,rhyme,b^t,k^t,ist,comp,55,-0.010136
0,rhyme,b^t,k^t,ist,ctrl,55,-0.010136
0,rhyme,b^t,k^t,ist,targ,56,0.500005
0,rhyme,b^t,k^t,ist,comp,56,-0.010138
0,rhyme,b^t,k^t,ist,ctrl,56,-0.010138
0,rhyme,b^t,k^t,ist,targ,57,0.508188
0,rhyme,b^t,k^t,ist,comp,57,-0.010136
0,rhyme,b^t,k^t,ist,ctrl,57,-0.010136
0,rhyme,b^t,k^t,ist,targ,58,0.515438
0,rhyme,b^t,k^t,ist,comp,58,-0.010132
0,rhyme,b^t,k^t,ist,ctrl,58,-0.010132
0,rhyme,b^t,k^t,ist,targ,59,0.521796
0,rhyme,b^t,k^t,ist,comp,59,-0.010126
0,rhyme,b^t,k^t,ist,ctrl,59,-0.010126
0,rhyme,b^t,k^t,ist,targ,60,0.527304
0,rhyme,b^t,k^t,ist,comp,60,-0.010119
0,rhyme,b^t,k^t,ist,ctrl,60,-0.010119
0,rhyme,b^t,k^t,ist,targ,61,0.532001
0,rhyme,b^t,k^t,ist,comp,61,-0.010113
0,rhyme,b^t,k^t,ist,ctrl,61,-0.010113
0,rhyme,b^t,k^t,ist,targ,62,0.535948
0,rhyme,b^t,k^t,ist,comp,62,-0.010108
0,rhyme,b^t,k^t,ist,ctrl,62,-0.010108
0,rhyme,b^t,k^t,ist,targ,63,0.539202
0,rhyme,b^t,k^t,ist,comp,63,-0.010102
0,rhyme,b^t,k^t,ist,ctrl,63,-0.010102
0,rhyme,b^t,k^t,ist,targ,64,0.541831
0,rhyme,b^t,k^t,ist,comp,64,-0.010097
0,rhyme,b^t,k^t,ist,ctrl,64,-0.010097
0,rhyme,b^t,k^t,ist,targ,65,0.543905
0,rhyme,b^t,k^t,ist,comp,65,-0.010092
0,rhyme,b^t,k^t,ist,ctrl,65,-0.010092
0,rhyme,b^t,k^t,ist,targ,66,0.545489
0,rhyme,b^t,k^t,ist,comp,66,-0.010088
0,rhyme,b^t,k^t,ist,ctrl,66,-0.010088
0,rhyme,b^t,k^t,ist,targ,67,0.546655
0,rhyme,b^t,k^t,ist,comp,67,-0.010083
0,rhyme,b^t,k^t,ist,ctrl,67,-0.010083
0,rhyme,b^t,k^t,ist,targ,68,0.547482
0,rhyme,b^t,k^t,ist,comp,68,-0.010079
0,rhyme,b^t,k^t,ist,ctrl,68,-0.010079
0,rhyme,b^t,k^t,ist,targ,69,0.548041
0,rhyme,b^t,k^t,ist,comp,69,-0.010075
0,rhyme,b^t,k^t,ist,ctrl,69,-0.010075
0,rhyme,b^t,k^t,ist,targ,70,0.548387
0,rhyme,b^t,k^t,ist,comp,70,-0.010071
0,rhyme,b^t,k^t,ist,ctrl,70,-0.010071
0,rhyme,b^t,k^t,ist,targ,71,0.548566
0,rhyme,b^t,k^t,ist,comp,71,-0.010068
0,rhyme,b^t,k^t,ist,ctrl,71,-0.010068
0,rhyme,b^t,k^t,ist,targ,72,0.548613
0,rhyme,b^t,k^t,ist,comp,72,-0.010064
0,rhyme,b^t,k^t,ist,ctrl,72,-0.010064
0,rhyme,b^t,k^t,ist,targ,73,0.548558
0,rhyme,b^t,k^t,ist,comp,73,-0.010061
0,rhyme,b^t,k^t,ist,ctrl,73,-0.010061
0,rhyme,b^t,k^t,ist,targ,74,0.548426
0,rhyme,b^t,k^t,ist,comp,74,-0.010058
0,rhyme,b^t,k^t,ist,ctrl,74,-0.010058
0,rhyme,b^t,k^t,ist,targ,75,0.548238
0,rhyme,b^t,k^t,ist,comp,75,-0.010055
0,rhyme,b^t,k^t,ist,ctrl,75,-0.010055
0,rhyme,b^t,k^t,ist,targ,76,0.548014
0,rhyme,b^t,k^t,ist,comp,76,-0.010052
0,rhyme,b^t,k^t,ist,ctrl,76,-0.010052
0,rhyme,b^t,k^t,ist,targ,77,0.547767
0,rhyme,b^t,k^t,ist,comp,77,-0.010050
0,rhyme,b^t,k^t,ist,ctrl,77,-0.010050
0,rhyme,b^t,k^t,ist,targ,78,0.547510
0,rhyme,b^t,k^t,ist,comp,78,-0.010047
0,rhyme,b^t,k^t,ist,ctrl,78,-0.010047
0,rhyme,b^t,k^t,ist,targ,79,0.547252
0,rhyme,b^t,k^t,ist,comp,79,-0.010045
0,rhyme,b^t,k^t,ist,ctrl,79,-0.010045
0,rhyme,b^t,k^t,ist,targ,80,0.547000
0,rhyme,b^t,k^t,ist,comp,80,-0.010043
0,rhyme,b^t,k^t,ist,ctrl,80,-0.010043
0,rhyme,b^t,k^t,ist,targ,81,0.546758
0,rhyme,b^t,k^t,ist,comp,81,-0.010041
0,rhyme,b^t,k^t,ist,ctrl,81,-0.010041
0,rhyme,b^t,k^t,ist,targ,82,0.546531
0,rhyme,b^t,k^t,ist,comp,82,-0.010039
0,rhyme,b^t,k^t,ist,ctrl,82,-0.010039
0,rhyme,b^t,k^t,ist,targ,83,0.546322
0,rhyme,b^t,k^t,ist,comp,83,-0.010037
0,rhyme,b^t,k^t,ist,ctrl,83,-0.010037
0,rhyme,b^t,k^t,ist,targ,84,0.546135
0,rhyme,b^t,k^t,ist,comp,84,-0.010035
0,rhyme,b^t,k^t,ist,ctrl,84,-0.010035
0,rhyme,b^t,k^t,ist,targ,85,0.545971
0,rhyme,b^t,k^t,ist,comp,85,-0.010033
0,rhyme,b^t,k^t,ist,ctrl,85,-0.010033
0,rhyme,b^t,k^t,ist,targ,86,0.545832
0,rhyme,b^t,k^t,ist,comp,86,-0.010031
0,rhyme,b^t,k^t,ist,ctrl,86,-0.010031
0,rhyme,b^t,k^t,ist,targ,87,0.545719
0,rhyme,b^t,k^t,ist,comp,87,-0.010030
0,rhyme,b^t,k^t,ist,ctrl,87,-0.010030
0,rhyme,b^t,k^t,ist,targ,88,0.545711
0,rhyme,b^t,k^t,ist,comp,88,-0.010028
0,rhyme,b^t,k^t,ist,ctrl,88,-0.010028
0,rhyme,b^t,k^t,ist,targ,89,0.545797
0,rhyme,b^t,k^t,ist,comp,89,-0.010027
0,rhyme,b^t,k^t,ist,ctrl,89,-0.010027
0,rhyme,b^t,k^t,ist,targ,90,0.545956
0,rhyme,b^t,k^t,ist,comp,90,-0.010026
0,rhyme,b^t,k^t,ist,ctrl,90,-0.010026
1,rhyme,part,dart,^pil,targ,1,-0.010000
1,rhyme,part,dart,^pil,comp,1,-0.010000
1,rhyme,part,dart,^pil,ctrl,1,-0.010000
1,rhyme,part,dart,^pil,targ,2,-0.010000
1,rhyme,part,dart,^pil,comp,2,-0.010000
1,rhyme,part,dart,^pil,ctrl,2,-0.010000
1,rhyme,part,dart,^pil,targ,3,-0.010000
1,rhyme,part,dart,^pil,comp,3,-0.010000
1,rhyme,part,dart,^pil,ctrl,3,-0.010000
1,rhyme,part,dart,^pil,targ,4,-0.010000
1,rhyme,part,dart,^pil,comp,4,-0.010000
1,rhyme,part,dart,^pil,ctrl,4,-0.010000
1,rhyme,part,dart,^pil,targ,5,-0.010000
1,rhyme,part,dart,^pil,comp,5,-0.010000
1,rhyme,part,dart,^pil,ctrl,5,-0.010000
1,rhyme,part,dart,^pil,targ,6,-0.010000
1,rhyme,part,dart,^pil,comp,6,-0.010000
1,rhyme,part,dart,^pil,ctrl,6,-0.010000
1,rhyme,part,dart,^pil,targ,7,-0.010000
1,rhyme,part,dart,^pil,comp,7,-0.010000
1,rhyme,part,dart,^pil,ctrl,7,-0.010000
1,rhyme,part,dart,^pil,targ,8,-0.010000
1,rhyme,part,dart,^pil,comp,8,-0.010000
1,rhyme,part,dart,^pil,ctrl,8,-0.010000
1,rhyme,part,dart,^pil,targ,9,-0.010000
1,rhyme,part,dart,^pil,comp,9,-0.010000
1,rhyme,part,dart,^pil,ctrl,9,-0.010000
1,rhyme,part,dart,^pil,targ,10,-0.010000
1,rhyme,part,dart,^pil,comp,10,-0.010000
1,rhyme,part,dart,^pil,ctrl,10,-0.010000
1,rhyme,part,dart,^pil,targ,11,-0.010000
1,rhyme,part,dart,^pil,comp,11,-0.010000
1,rhyme,part,dart,^pil,ctrl,11,-0.010000
1,rhyme,part,dart,^pil,targ,12,-0.010000
1,rhyme,part,dart,^pil,comp,12,-0.010000
1,rhyme,part,dart,^pil,ctrl,12,-0.010000
1,rhyme,part,dart,^pil,targ,13,-0.010000
1,rhyme,part,dart,^pil,comp,13,-0.010000
1,rhyme,part,dart,^pil,ctrl,13,-0.010000
1,rhyme,part,dart,^pil,targ,14,-0.010000
1,rhyme,part,dart,^pil,comp,14,-0.010000
1,rhyme,part,dart,^pil,ctrl,14,-0.010000
1,rhyme,part,dart,^pil,targ,15,-0.010000
1,rhyme,part,dart,^pil,comp,15,-0.010000
1,rhyme,part,dart,^pil,ctrl,15,-0.010000
1,rhyme,part,dart,^pil,targ,16,-0.010000
1,rhyme,part,dart,^pil,comp,16,-0.010000
1,rhyme,part,dart,^pil,ctrl,16,-0.010000
1,rhyme,part,dart,^pil,targ,17,-0.010000
1,rhyme,part,dart,^pil,comp,17,-0.010000
1,rhyme,part,dart,^pil,ctrl,17,-0.010000
1,rhyme,part,dart,^pil,targ,18,-0.010000
1,rhyme,part,dart,^pil,comp,18,-0.010000
1,rhyme,part,dart,^pil,ctrl,18,-0.010000
1,rhyme,part,dart,^pil,targ,19,-0.010000
1,rhyme,part,dart,^pil,comp,19,-0.010000
1,rhyme,part,dart,^pil,ctrl,19,-0.010000
1,rhyme,part,dart,^pil,targ,20,-0.010000
1,rhyme,part,dart,^pil,comp,20,-0.010000
1,rhyme,part,dart,^pil,ctrl,20,-0.010000
1,rhyme,part,dart,^pil,targ,21,-0.008341
1,rhyme,part,dart,^pil,comp,21,-0.010000
1,rhyme,part,dart,^pil,ctrl,21,-0.010000
1,rhyme,part,dart,^pil,targ,22,-0.003402
1,rhyme,part,dart,^pil,comp,22,-0.009495
1,rhyme,part,dart,^pil,ctrl,22,-0.008173
1,rhyme,part,dart,^pil,targ,23,0.005767
1,rhyme,part,dart,^pil,comp,23,-0.008253
1,rhyme,part,dart,^pil,ctrl,23,-0.002933
1,rhyme,part,dart,^pil,targ,24,0.017610
1,rhyme,part,dart,^pil,comp,24,-0.007074
1,rhyme,part,dart,^pil,ctrl,24,0.004633
1,rhyme,part,dart,^pil,targ,25,0.028659
1,rhyme,part,dart,^pil,comp,25,-0.007665
1,rhyme,part,dart,^pil,ctrl,25,0.011505
1,rhyme,part,dart,^pil,targ,26,0.035953
1,rhyme,part,dart,^pil,comp,26,-0.009966
1,rhyme,part,dart,^pil,ctrl,26,0.014877
1,rhyme,part,dart,^pil,targ,27,0.041935
1,rhyme,part,dart,^pil,comp,27,-0.010059
1,rhyme,part,dart,^pil,ctrl,27,0.015774
1,rhyme,part,dart,^pil,targ,28,0.049466
1,rhyme,part,dart,^pil,comp,28,-0.010089
1,rhyme,part,dart,^pil,ctrl,28,0.015614
1,rhyme,part,dart,^pil,targ,29,0.058420
1,rhyme,part,dart,^pil,comp,29,-0.010118
1,rhyme,part,dart,^pil,ctrl,29,0.014165
1,rhyme,part,dart,^pil,targ,30,0.067474
1,rhyme,part,dart,^pil,comp,30,-0.010141
1,rhyme,part,dart,^pil,ctrl,30,0.012088
1,rhyme,part,dart,^pil,targ,31,0.076283
1,rhyme,part,dart,^pil,comp,31,-0.010157
1,rhyme,part,dart,^pil,ctrl,31,0.009051
1,rhyme,part,dart,^pil,targ,32,0.085571
1,rhyme,part,dart,^pil,comp,32,-0.010165
1,rhyme,part,dart,^pil,ctrl,32,0.005030
1,rhyme,part,dart,^pil,targ,33,0.095727
1,rhyme,part,dart,^pil,comp,33,-0.010168
1,rhyme,part,dart,^pil,ctrl,33,0.000121
1,rhyme,part,dart,^pil,targ,34,0.107215
1,rhyme,part,dart,^pil,comp,34,-0.010166
1,rhyme,part,dart,^pil,ctrl,34,-0.005564
1,rhyme,part,dart,^pil,targ,35,0.119429
1,rhyme,part,dart,^pil,comp,35,-0.010160
1,rhyme,part,dart,^pil,ctrl,35,-0.010160
1,rhyme,part,dart,^pil,targ,36,0.131795
1,rhyme,part,dart,^pil,comp,36,-0.010153
1,rhyme,part,dart,^pil,ctrl,36,-0.010153
1,rhyme,part,dart,^pil,targ,37,0.143727
1,rhyme,part,dart,^pil,comp,37,-0.010145
1,rhyme,part,dart,^pil,ctrl,37,-0.010145
1,rhyme,part,dart,^pil,targ,38,0.156290
1,rhyme,part,dart,^pil,comp,38,-0.010138
1,rhyme,part,dart,^pil,ctrl,38,-0.010138
1,rhyme,part,dart,^pil,targ,39,0.170456
1,rhyme,part,dart,^pil,comp,39,-0.010131
1,rhyme,part,dart,^pil,ctrl,39,-0.010131
1,rhyme,part,dart,^pil,targ,40,0.186633
1,rhyme,part,dart,^pil,comp,40,-0.010125
1,rhyme,part,dart,^pil,ctrl,40,-0.010125
1,rhyme,part,dart,^pil,targ,41,0.203422
1,rhyme,part,dart,^pil,comp,41,-0.010118
1,rhyme,part,dart,^pil,ctrl,41,-0.010118
1,rhyme,part,dart,^pil,targ,42,0.220518
1,rhyme,part,dart,^pil,comp,42,-0.010112
1,rhyme,part,dart,^pil,ctrl,42,-0.010112
1,rhyme,part,dart,^pil,targ,43,0.237334
1,rhyme,part,dart,^pil,comp,43,-0.010107
1,rhyme,part,dart,^pil,ctrl,43,-0.010107
1,rhyme,part,dart,^pil,targ,44,0.253452
1,rhyme,part,dart,^pil,comp,44,-0.010101
1,rhyme,part,dart,^pil,ctrl,44,-0.010101
1,rhyme,part,dart,^pil,targ,45,0.268848
1,rhyme,part,dart,^pil,comp,45,-0.010096
1,rhyme,part,dart,^pil,ctrl,45,-0.010096
1,rhyme,part,dart,^pil,targ,46,0.283573
1,rhyme,part,dart,^pil,comp,46,-0.010092
1,rhyme,part,dart,^pil,ctrl,46,-0.010092
1,rhyme,part,dart,^pil,targ,47,0.297707
1,rhyme,part,dart,^pil,comp,47,-0.010087
1,rhyme,part,dart,^pil,ctrl,47,-0.010087
1,rhyme,part,dart,^pil,targ,48,0.311267
1,rhyme,part,dart,^pil,comp,48,-0.010083
1,rhyme,part,dart,^pil,ctrl,48,-0.010083
1,rhyme,part,dart,^pil,targ,49,0.324259
1,rhyme,part,dart,^pil,comp,49,-0.010078
1,rhyme,part,dart,^pil,ctrl,49,-0.010078
1,rhyme,part,dart,^pil,targ,50,0.336708
1,rhyme,part,dart,^pil,comp,50,-0.010075
1,rhyme,part,dart,^pil,ctrl,50,-0.010075
1,rhyme,part,dart,^pil,targ,51,0.348708
1,rhyme,part,dart,^pil,comp,51,-0.010071
1,rhyme,part,dart,^pil,ctrl,51,-0.010071
1,rhyme,part,dart,^pil,targ,52,0.360255
1,rhyme,part,dart,^pil,comp,52,-0.010067
1,rhyme,part,dart,^pil,ctrl,52,-0.010067
1,rhyme,part,dart,^pil,targ,53,0.371322
1,rhyme,part,dart,^pil,comp,53,-0.010064
1,rhyme,part,dart,^pil,ctrl,53,-0.010064
1,rhyme,part,dart,^pil,targ,54,0.381961
1,rhyme,part,dart,^pil,comp,54,-0.010061
1,rhyme,part,dart,^pil,ctrl,54,-0.010061
1,rhyme,part,dart,^pil,targ,55,0.392262
1,rhyme,part,dart,^pil,comp,55,-0.010058
1,rhyme,part,dart,^pil,ctrl,55,-0.010058
1,rhyme,part,dart,^pil,targ,56,0.402449
1,rhyme,part,dart,^pil,comp,56,-0.010055
1,rhyme,part,dart,^pil,ctrl,56,-0.010055
1,rhyme,part,dart,^pil,targ,57,0.412552
1,rhyme,part,dart,^pil,comp,57,-0.010052
1,rhyme,part,dart,^pil,ctrl,57,-0.010052
1,rhyme,part,dart,^pil,targ,58,0.422601
1,rhyme,part,dart,^pil,comp,58,-0.010049
1,rhyme,part,dart,^pil,ctrl,58,-0.010049
1,rhyme,part,dart,^pil,targ,59,0.432620
1,rhyme,part,dart,^pil,comp,59,-0.010047
1,rhyme,part,dart,^pil,ctrl,59,-0.010047
1,rhyme,part,dart,^pil,targ,60,0.442622
1,rhyme,part,dart,^pil,comp,60,-0.010045
1,rhyme,part,dart,^pil,ctrl,60,-0.010045
1,rhyme,part,dart,^pil,targ,61,0.452570
1,rhyme,part,dart,^pil,comp,61,-0.010042
1,rhyme,part,dart,^pil,ctrl,61,-0.010042
1,rhyme,part,dart,^pil,targ,62,0.462430
1,rhyme,part,dart,^pil,comp,62,-0.010040
1,rhyme,part,dart,^pil,ctrl,62,-0.010040
1,rhyme,part,dart,^pil,targ,63,0.472180
1,rhyme,part,dart,^pil,comp,63,-0.010038
1,rhyme,part,dart,^pil,ctrl,63,-0.010038
1,rhyme,part,dart,^pil,targ,64,0.481790
1,rhyme,part,dart,^pil,comp,64,-0.010036
1,rhyme,part,dart,^pil,ctrl,64,-0.010036
1,rhyme,part,dart,^pil,targ,65,0.491201
1,rhyme,part,dart,^pil,comp,65,-0.010035
1,rhyme,part,dart,^pil,ctrl,65,-0.010035
1,rhyme,part,dart,^pil,targ,66,0.500346
1,rhyme,part,dart,^pil,comp,66,-0.010033
1,rhyme,part,dart,^pil,ctrl,66,-0.010033
1,rhyme,part,dart,^pil,targ,67,0.509173
1,rhyme,part,dart,^pil,comp,67,-0.010031
1,rhyme,part,dart,^pil,ctrl,67,-0.010031
1,rhyme,part,dart,^pil,targ,68,0.517616
1,rhyme,part,dart,^pil,comp,68,-0.010030
1,rhyme,part,dart,^pil,ctrl,68,-0.010030
1,rhyme,part,dart,^pil,targ,69,0.525622
1,rhyme,part,dart,^pil,comp,69,-0.010028
1,rhyme,part,dart,^pil,ctrl,69,-0.010028
1,rhyme,part,dart,^pil,targ,70,0.533155
1,rhyme,part,dart,^pil,comp,70,-0.010027
1,rhyme,part,dart,^pil,ctrl,70,-0.010027
1,rhyme,part,dart,^pil,targ,71,0.540207
1,rhyme,part,dart,^pil,comp,71,-0.010025
1,rhyme,part,dart,^pil,ctrl,71,-0.010025
1,rhyme,part,dart,^pil,targ,72,0.546780
1,rhyme,part,dart,^pil,comp,72,-0.010024
1,rhyme,part,dart,^pil,ctrl,72,-0.010024
1,rhyme,part,dart,^pil,targ,73,0.552873
1,rhyme,part,dart,^pil,comp,73,-0.010023
1,rhyme,part,dart,^pil,ctrl,73,-0.010023
1,rhyme,part,dart,^pil,targ,74,0.558497
1,rhyme,part,dart,^pil,comp,74,-0.010022
1,rhyme,part,dart,^pil,ctrl,74,-0.010022
1,rhyme,part,dart,^pil,targ,75,0.563689
1,rhyme,part,dart,^pil,comp,75,-0.010021
1,rhyme,part,dart,^pil,ctrl,75,-0.010021
1,rhyme,part,dart,^pil,targ,76,0.568474
1,rhyme,part,dart,^pil,comp,76,-0.010020
1,rhyme,part,dart,^pil,ctrl,76,-0.010020
1,rhyme,part,dart,^pil,targ,77,0.572876
1,rhyme,part,dart,^pil,comp,77,-0.010019
1,rhyme,part,dart,^pil,ctrl,77,-0.010019
1,rhyme,part,dart,^pil,targ,78,0.576908
1,rhyme,part,dart,^pil,comp,78,-0.010018
1,rhyme,part,dart,^pil,ctrl,78,-0.010018
1,rhyme,part,dart,^pil,targ,79,0.580590
1,rhyme,part,dart,^pil,comp,79,-0.010017
1,rhyme,part,dart,^pil,ctrl,79,-0.010017
1,rhyme,part,dart,^pil,targ,80,0.583968
1,rhyme,part,dart,^pil,comp,80,-0.010016
1,rhyme,part,dart,^pil,ctrl,80,-0.010016
1,rhyme,part,dart,^pil,targ,81,0.587082
1,rhyme,part,dart,^pil,comp,81,-0.010015
1,rhyme,part,dart,^pil,ctrl,81,-0.010015
1,rhyme,part,dart,^pil,targ,82,0.589971
1,rhyme,part,dart,^pil,comp,82,-0.010014
1,rhyme,part,dart,^pil,ctrl,82,-0.010014
1,rhyme,part,dart,^pil,targ,83,0.592662
1,rhyme,part,dart,^pil,comp,83,-0.010014
1,rhyme,part,dart,^pil,ctrl,83,-0.010014
1,rhyme,part,dart,^pil,targ,84,0.595186
1,rhyme,part,dart,^pil,comp,84,-0.010013
1,rhyme,part,dart,^pil,ctrl,84,-0.010013
1,rhyme,part,dart,^pil,targ,85,0.597579
1,rhyme,part,dart,^pil,comp,85,-0.010012
1,rhyme,part,dart,^pil,ctrl,85,-0.010012
1,rhyme,part,dart,^pil,targ,86,0.599875
1,rhyme,part,dart,^pil,comp,86,-0.010012
1,rhyme,part,dart,^pil,ctrl,86,-0.010012
1,rhyme,part,dart,^pil,targ,87,0.602102
1,rhyme,part,dart,^pil,comp,87,-0.010011
1,rhyme,part,dart,^pil,ctrl,87,-0.010011
1,rhyme,part,dart,^pil,targ,88,0.604278
1,rhyme,part,dart,^pil,comp,88,-0.010011
1,rhyme,part,dart,^pil,ctrl,88,-0.010011
1,rhyme,part,dart,^pil,targ,89,0.606417
1,rhyme,part,dart,^pil,comp,89,-0.010010
1,rhyme,part,dart,^pil,ctrl,89,-0.010010
1,rhyme,part,dart,^pil,targ,90,0.608527
1,rhyme,part,dart,^pil,comp,90,-0.010010
1,rhyme,part,dart,^pil,ctrl,90,-0.010010
2,rhyme,grup,trup,star,targ,1,-0.010000
2,rhyme,grup,trup,star,comp,1,-0.010000
2,rhyme,grup,trup,star,ctrl,1,-0.010000
2,rhyme,grup,trup,star,targ,2,-0.010000
2,rhyme,grup,trup,star,comp,2,-0.010000
2,rhyme,grup,trup,star,ctrl,2,-0.010000
2,rhyme,grup,trup,star,targ,3,-0.010000
2,rhyme,grup,trup,star,comp,3,-0.010000
2,rhyme,grup,trup,star,ctrl,3,-0.010000
2,rhyme,grup,trup,star,targ,4,-0.010000
2,rhyme,grup,trup,star,comp,4,-0.010000
2,rhyme,grup,trup,star,ctrl,4,-0.010000
2,rhyme,grup,trup,star,targ,5,-0.010000
2,rhyme,grup,trup,star,comp,5,-0.010000
2,rhyme,grup,trup,star,ctrl,5,-0.010000
2,rhyme,grup,trup,star,targ,6,-0.010000
2,rhyme,grup,trup,star,comp,6,-0.010000
2,rhyme,grup,trup,star,ctrl,6,-0.010000
2,rhyme,grup,trup,star,targ,7,-0.010000
2,rhyme,grup,trup,star,comp,7,-0.010000
2,rhyme,grup,trup,star,ctrl,7,-0.010000
2,rhyme,grup,trup,star,targ,8,-0.010000
2,rhyme,grup,trup,star,comp,8,-0.010000
2,rhyme,grup,trup,star,ctrl,8,-0.010000
2,rhyme,grup,trup,star,targ,9,-0.010000
2,rhyme,grup,trup,star,comp,9,-0.010000
2,rhyme,grup,trup,star,ctrl,9,-0.010000
2,rhyme,grup,trup,star,targ,10,-0.010000
2,rhyme,grup,trup,star,comp,10,-0.010000
2,rhyme,grup,trup,star,ctrl,10,-0.010000
2,rhyme,grup,trup,star,targ,11,-0.010000
2,rhyme,grup,trup,star,comp,11,-0.010000
2,rhyme,grup,trup,star,ctrl,11,-0.010000
2,rhyme,grup,trup,star,targ,12,-0.010000
2,rhyme,grup,trup,star,comp,12,-0.010000
2,rhyme,grup,trup,star,ctrl,12,-0.010000
2,rhyme,grup,trup,star,targ,13,-0.010000
2,rhyme,grup,trup,star,comp,13,-0.010000
2,rhyme,grup,trup,star,ctrl,13,-0.010000
2,rhyme,grup,trup,star,targ,14,-0.010000
2,rhyme,grup,trup,star,comp,14,-0.010000
2,rhyme,grup,trup,star,ctrl,14,-0.010000
2,rhyme,grup,trup,star,targ,15,-0.010000
2,rhyme,grup,trup,star,comp,15,-0.010000
2,rhyme,grup,trup,star,ctrl,15,-0.010000
2,rhyme,grup,trup,star,targ,16,-0.010000
2,rhyme,grup,trup,star,comp,16,-0.010000
2,rhyme,grup,trup,star,ctrl,16,-0.010000
2,rhyme,grup,trup,star,targ,17,-0.010000
2,rhyme,grup,trup,star,comp,17,-0.010000
2,rhyme,grup,trup,star,ctrl,17,-0.010000
2,rhyme,grup,trup,star,targ,18,-0.010000
2,rhyme,grup,trup,star,comp,18,-0.010000
2,rhyme,grup,trup,star,ctrl,18,-0.010000
2,rhyme,grup,trup,star,targ,19,-0.010000
2,rhyme,grup,trup,star,comp,19,-0.010000
2,rhyme,grup,trup,star,ctrl,19,-0.010000
2,rhyme,grup,trup,star,targ,20,-0.010000
2,rhyme,grup,trup,star,comp,20,-0.010000
2,rhyme,grup,trup,star,ctrl,20,-0.010000
2,rhyme,grup,trup,star,targ,21,-0.008259
2,rhyme,grup,trup,star,comp,21,-0.010000
2,rhyme,grup,trup,star,ctrl,21,-0.010000
2,rhyme,grup,trup,star,targ,22,-0.003130
2,rhyme,grup,trup,star,comp,22,-0.010000
2,rhyme,grup,trup,star,ctrl,22,-0.010000
2,rhyme,grup,trup,star,targ,23,0.006647
2,rhyme,grup,trup,star,comp,23,-0.010000
2,rhyme,grup,trup,star,ctrl,23,-0.010000
2,rhyme,grup,trup,star,targ,24,0.019675
2,rhyme,grup,trup,star,comp,24,-0.010000
2,rhyme,grup,trup,star,ctrl,24,-0.010000
2,rhyme,grup,trup,star,targ,25,0.033778
2,rhyme,grup,trup,star,comp,25,-0.010000
2,rhyme,grup,trup,star,ctrl,25,-0.010000
2,rhyme,grup,trup,star,targ,26,0.046187
2,rhyme,grup,trup,star,comp,26,-0.010000
2,rhyme,grup,trup,star,ctrl,26,-0.010000
2,rhyme,grup,trup,star,targ,27,0.057027
2,rhyme,grup,trup,star,comp,27,-0.010000
2,rhyme,grup,trup,star,ctrl,27,-0.010000
2,rhyme,grup,trup,star,targ,28,0.067905
2,rhyme,grup,trup,star,comp,28,-0.010000
2,rhyme,grup,trup,star,ctrl,28,-0.010000
2,rhyme,grup,trup,star,targ,29,0.079953
2,rhyme,grup,trup,star,comp,29,-0.010000
2,rhyme,grup,trup,star,ctrl,29,-0.010000
2,rhyme,grup,trup,star,targ,30,0.092244
2,rhyme,grup,trup,star,comp,30,-0.010000
2,rhyme,grup,trup,star,ctrl,30,-0.010000
2,rhyme,grup,trup,star,targ,31,0.104731
2,rhyme,grup,trup,star,comp,31,-0.010000
2,rhyme,grup,trup,star,ctrl,31,-0.010000
2,rhyme,grup,trup,star,targ,32,0.118145
2,rhyme,grup,trup,star,comp,32,-0.010000
2,rhyme,grup,trup,star,ctrl,32,-0.010000
2,rhyme,grup,trup,star,targ,33,0.132765
2,rhyme,grup,trup,star,comp,33,-0.010000
2,rhyme,grup,trup,star,ctrl,33,-0.010000
2,rhyme,grup,trup,star,targ,34,0.148393
2,rhyme,grup,trup,star,comp,34,-0.010000
2,rhyme,grup,trup,star,ctrl,34,-0.010000
2,rhyme,grup,trup,star,targ,35,0.164142
2,rhyme,grup,trup,star,comp,35,-0.010000
2,rhyme,grup,trup,star,ctrl,35,-0.010000
2,rhyme,grup,trup,star,targ,36,0.179402
2,rhyme,grup,trup,star,comp,36,-0.010000
2,rhyme,grup,trup,star,ctrl,36,-0.010000
2,rhyme,grup,trup,star,targ,37,0.193851
2,rhyme,grup,trup,star,comp,37,-0.010000
2,rhyme,grup,trup,star,ctrl,37,-0.010000
2,rhyme,grup,trup,star,targ,38,0.208079
2,rhyme,grup,trup,star,comp,38,-0.010000
2,rhyme,grup,trup,star,ctrl,38,-0.010000
2,rhyme,grup,trup,star,targ,39,0.224144
2,rhyme,grup,trup,star,comp,39,-0.010000
2,rhyme,grup,trup,star,ctrl,39,-0.010000
2,rhyme,grup,trup,star,targ,40,0.242656
2,rhyme,grup,trup,star,comp,40,-0.010000
2,rhyme,grup,trup,star,ctrl,40,-0.010000
2,rhyme,grup,trup,star,targ,41,0.262811
2,rhyme,grup,trup,star,comp,41,-0.010000
2,rhyme,grup,trup,star,ctrl,41,-0.010000
2,rhyme,grup,trup,star,targ,42,0.283731
2,rhyme,grup,trup,star,comp,42,-0.010000
2,rhyme,grup,trup,star,ctrl,42,-0.010000
2,rhyme,grup,trup,star,targ,43,0.304735
2,rhyme,grup,trup,star,comp,43,-0.010000
2,rhyme,grup,trup,star,ctrl,43,-0.010000
2,rhyme,grup,trup,star,targ,44,0.325539
2,rhyme,grup,trup,star,comp,44,-0.010000
2,rhyme,grup,trup,star,ctrl,44,-0.010000
2,rhyme,grup,trup,star,targ,45,0.345852
2,rhyme,grup,trup,star,comp,45,-0.010000
2,rhyme,grup,trup,star,ctrl,45,-0.010000
2,rhyme,grup,trup,star,targ,46,0.365250
2,rhyme,grup,trup,star,comp,46,-0.010006
2,rhyme,grup,trup,star,ctrl,46,-0.010006
2,rhyme,grup,trup,star,targ,47,0.383439
2,rhyme,grup,trup,star,comp,47,-0.010037
2,rhyme,grup,trup,star,ctrl,47,-0.010037
2,rhyme,grup,trup,star,targ,48,0.400353
2,rhyme,grup,trup,star,comp,48,-0.010103
2,rhyme,grup,trup,star,ctrl,48,-0.010103
2,rhyme,grup,trup,star,targ,49,0.415981
2,rhyme,grup,trup,star,comp,49,-0.010203
2,rhyme,grup,trup,star,ctrl,49,-0.010203
2,rhyme,grup,trup,star,targ,50,0.430329
2,rhyme,grup,trup,star,comp,50,-0.010327
2,rhyme,grup,trup,star,ctrl,50,-0.010327
2,rhyme,grup,trup,star,targ,51,0.443425
2,rhyme,grup,trup,star,comp,51,-0.010465
2,rhyme,grup,trup,star,ctrl,51,-0.010465
2,rhyme,grup,trup,star,targ,52,0.455371
2,rhyme,grup,trup,star,comp,52,-0.010606
2,rhyme,grup,trup,star,ctrl,52,-0.010606
2,rhyme,grup,trup,star,targ,53,0.466397
2,rhyme,grup,trup,star,comp,53,-0.010742
2,rhyme,grup,trup,star,ctrl,53,-0.010742
2,rhyme,grup,trup,star,targ,54,0.476725
2,rhyme,grup,trup,star,comp,54,-0.010867
2,rhyme,grup,trup,star,ctrl,54,-0.010867
2,rhyme,grup,trup,star,targ,55,0.486470
2,rhyme,grup,trup,star,comp,55,-0.010977
2,rhyme,grup,trup,star,ctrl,55,-0.010977
2,rhyme,grup,trup,star,targ,56,0.495711
2,rhyme,grup,trup,star,comp,56,-0.011067
2,rhyme,grup,trup,star,ctrl,56,-0.011067
2,rhyme,grup,trup,star,targ,57,0.504488
2,rhyme,grup,trup,star,comp,57,-0.011135
2,rhyme,grup,trup,star,ctrl,57,-0.011135
2,rhyme,grup,trup,star,targ,58,0.512833
2,rhyme,grup,trup,star,comp,58,-0.011180
2,rhyme,grup,trup,star,ctrl,58,-0.011180
2,rhyme,grup,trup,star,targ,59,0.520786
2,rhyme,grup,trup,star,comp,59,-0.011206
2,rhyme,grup,trup,star,ctrl,59,-0.011206
2,rhyme,grup,trup,star,targ,60,0.528347
2,rhyme,grup,trup,star,comp,60,-0.011213
2,rhyme,grup,trup,star,ctrl,60,-0.011213
2,rhyme,grup,trup,star,targ,61,0.535493
2,rhyme,grup,trup,star,comp,61,-0.011202
2,rhyme,grup,trup,star,ctrl,61,-0.011202
2,rhyme,grup,trup,star,targ,62,0.542208
2,rhyme,grup,trup,star,comp,62,-0.011175
2,rhyme,grup,trup,star,ctrl,62,-0.011175
2,rhyme,grup,trup,star,targ,63,0.548484
2,rhyme,grup,trup,star,comp,63,-0.011136
2,rhyme,grup,trup,star,ctrl,63,-0.011136
2,rhyme,grup,trup,star,targ,64,0.554314
2,rhyme,grup,trup,star,comp,64,-0.011088
2,rhyme,grup,trup,star,ctrl,64,-0.011088
2,rhyme,grup,trup,star,targ,65,0.559737
2,rhyme,grup,trup,star,comp,65,-0.011035
2,rhyme,grup,trup,star,ctrl,65,-0.011035
2,rhyme,grup,trup,star,targ,66,0.564778
2,rhyme,grup,trup,star,comp,66,-0.010983
2,rhyme,grup,trup,star,ctrl,66,-0.010983
2,rhyme,grup,trup,star,targ,67,0.569508
2,rhyme,grup,trup,star,comp,67,-0.010934
2,rhyme,grup,trup,star,ctrl,67,-0.010934
2,rhyme,grup,trup,star,targ,68,0.573918
2,rhyme,grup,trup,star,comp,68,-0.010888
2,rhyme,grup,trup,star,ctrl,68,-0.010888
2,rhyme,grup,trup,star,targ,69,0.578015
2,rhyme,grup,trup,star,comp,69,-0.010843
2,rhyme,grup,trup,star,ctrl,69,-0.010843
2,rhyme,grup,trup,star,targ,70,0.581818
2,rhyme,grup,trup,star,comp,70,-0.010801
2,rhyme,grup,trup,star,ctrl,70,-0.010801
2,rhyme,grup,trup,star,targ,71,0.585342
2,rhyme,grup,trup,star,comp,71,-0.010761
2,rhyme,grup,trup,star,ctrl,71,-0.010761
2,rhyme,grup,trup,star,targ,72,0.588605
2,rhyme,grup,trup,star,comp,72,-0.010723
2,rhyme,grup,trup,star,ctrl,72,-0.010723
2,rhyme,grup,trup,star,targ,73,0.591625
2,rhyme,grup,trup,star,comp,73,-0.010687
2,rhyme,grup,trup,star,ctrl,73,-0.010687
2,rhyme,grup,trup,star,targ,74,0.594423
2,rhyme,grup,trup,star,comp,74,-0.010652
2,rhyme,grup,trup,star,ctrl,74,-0.010652
2,rhyme,grup,trup,star,targ,75,0.597026
2,rhyme,grup,trup,star,comp,75,-0.010620
2,rhyme,grup,trup,star,ctrl,75,-0.010620
2,rhyme,grup,trup,star,targ,76,0.599461
2,rhyme,grup,trup,star,comp,76,-0.010589
2,rhyme,grup,trup,star,ctrl,76,-0.010589
2,rhyme,grup,trup,star,targ,77,0.601753
2,rhyme,grup,trup,star,comp,77,-0.010559
2,rhyme,grup,trup,star,ctrl,77,-0.010559
2,rhyme,grup,trup,star,targ,78,0.603916
2,rhyme,grup,trup,star,comp,78,-0.010531
2,rhyme,grup,trup,star,ctrl,78,-0.010531
2,rhyme,grup,trup,star,targ,79,0.605966
2,rhyme,grup,trup,star,comp,79,-0.010505
2,rhyme,grup,trup,star,ctrl,79,-0.010505
2,rhyme,grup,trup,star,targ,80,0.607917
2,rhyme,grup,trup,star,comp,80,-0.010480
2,rhyme,grup,trup,star,ctrl,80,-0.010480
2,rhyme,grup,trup,star,targ,81,0.609778
2,rhyme,grup,trup,star,comp,81,-0.010456
2,rhyme,grup,trup,star,ctrl,81,-0.010456
2,rhyme,grup,trup,star,targ,82,0.611562
2,rhyme,grup,trup,star,comp,82,-0.010433
2,rhyme,grup,trup,star,ctrl,82,-0.010433
2,rhyme,grup,trup,star,targ,83,0.613280
2,rhyme,grup,trup,star,comp,83,-0.010411
2,rhyme,grup,trup,star,ctrl,83,-0.010411
2,rhyme,grup,trup,star,targ,84,0.614948
2,rhyme,grup,trup,star,comp,84,-0.010391
2,rhyme,grup,trup,star,ctrl,84,-0.010391
2,rhyme,grup,trup,star,targ,85,0.616580
2,rhyme,grup,trup,star,comp,85,-0.010371
2,rhyme,grup,trup,star,ctrl,85,-0.010371
2,rhyme,grup,trup,star,targ,86,0.618182
2,rhyme,grup,trup,star,comp,86,-0.010353
2,rhyme,grup,trup,star,ctrl,86,-0.010353
2,rhyme,grup,trup,star,targ,87,0.619763
2,rhyme,grup,trup,star,comp,87,-0.010335
2,rhyme,grup,trup,star,ctrl,87,-0.010335
2,rhyme,grup,trup,star,targ,88,0.621325
2,rhyme,grup,trup,star,comp,88,-0.010318
2,rhyme,grup,trup,star,ctrl,88,-0.010318
2,rhyme,grup,trup,star,targ,89,0.622872
2,rhyme,grup,trup,star,comp,89,-0.010302
2,rhyme,grup,trup,star,ctrl,89,-0.010302
2,rhyme,grup,trup,star,targ,90,0.624406
2,rhyme,grup,trup,star,comp,90,-0.010287
2,rhyme,grup,trup,star,ctrl,90,-0.010287
3,rhyme,lid,rid,blu,targ,1,-0.010000
3,rhyme,lid,rid,blu,comp,1,-0.010000
3,rhyme,lid,rid,blu,ctrl,1,-0.010000
3,rhyme,lid,rid,blu,targ,2,-0.010000
3,rhyme,lid,rid,blu,comp,2,-0.010000
3,rhyme,lid,rid,blu,ctrl,2,-0.010000
3,rhyme,lid,rid,blu,targ,3,-0.010000
3,rhyme,lid,rid,blu,comp,3,-0.010000
3,rhyme,lid,rid,blu,ctrl,3,-0.010000
3,rhyme,lid,rid,blu,targ,4,-0.010000
3,rhyme,lid,rid,blu,comp,4,-0.010000
3,rhyme,lid,rid,blu,ctrl,4,-0.010000
3,rhyme,lid,rid,blu,targ,5,-0.010000
3,rhyme,lid,rid,blu,comp,5,-0.010000
3,rhyme,lid,rid,blu,ctrl,5,-0.010000
3,rhyme,lid,rid,blu,targ,6,-0.010000
3,rhyme,lid,rid,blu,comp,6,-0.010000
3,rhyme,lid,rid,blu,ctrl,6,-0.010000
3,rhyme,lid,rid,blu,targ,7,-0.010000
3,rhyme,lid,rid,blu,comp,7,-0.010000
3,rhyme,lid,rid,blu,ctrl,7,-0.010000
3,rhyme,lid,rid,blu,targ,8,-0.010000
3,rhyme,lid,rid,blu,comp,8,-0.010000
3,rhyme,lid,rid,blu,ctrl,8,-0.010000
3,rhyme,lid,rid,blu,targ,9,-0.010000
3,rhyme,lid,rid,blu,comp,9,-0.010000
3,rhyme,lid,rid,blu,ctrl,9,-0.010000
3,rhyme,lid,rid,blu,targ,10,-0.010000
3,rhyme,lid,rid,blu,comp,10,-0.010000
3,rhyme,lid,rid,blu,ctrl,10,-0.010000
3,rhyme,lid,rid,blu,targ,11,-0.010000
3,rhyme,lid,rid,blu,comp,11,-0.010000
3,rhyme,lid,rid,blu,ctrl,11,-0.010000
3,rhyme,lid,rid,blu,targ,12,-0.010000
3,rhyme,lid,rid,blu,comp,12,-0.010000
3,rhyme,lid,rid,blu,ctrl,12,-0.010000
3,rhyme,lid,rid,blu,targ,13,-0.010000
3,rhyme,lid,rid,blu,comp,13,-0.010000
3,rhyme,lid,rid,blu,ctrl,13,-0.010000
3,rhyme,lid,rid,blu,targ,14,-0.010000
3,rhyme,lid,rid,blu,comp,14,-0.010000
3,rhyme,lid,rid,blu,ctrl,14,-0.010000
3,rhyme,lid,rid,blu,targ,15,-0.010000
3,rhyme,lid,rid,blu,comp,15,-0.010000
3,rhyme,lid,rid,blu,ctrl,15,-0.010000
3,rhyme,lid,rid,blu,targ,16,-0.010000
3,rhyme,lid,rid,blu,comp,16,-0.010000
3,rhyme,lid,rid,blu,ctrl,16,-0.010000
3,rhyme,lid,rid,blu,targ,17,-0.010000
3,rhyme,lid,rid,blu,comp,17,-0.010000
3,rhyme,lid,rid,blu,ctrl,17,-0.010000
3,rhyme,lid,rid,blu,targ,18,-0.010000
3,rhyme,lid,rid,blu,comp,18,-0.010000
3,rhyme,lid,rid,blu,ctrl,18,-0.010000
3,rhyme,lid,rid,blu,targ,19,-0.010000
3,rhyme,lid,rid,blu,comp,19,-0.010000
3,rhyme,lid,rid,blu,ctrl,19,-0.010000
3,rhyme,lid,rid,blu,targ,20,-0.010000
3,rhyme,lid,rid,blu,comp,20,-0.010000
3,rhyme,lid,rid,blu,ctrl,20,-0.010000
3,rhyme,lid,rid,blu,targ,21,-0.009090
3,rhyme,lid,rid,blu,comp,21,-0.010000
3,rhyme,lid,rid,blu,ctrl,21,-0.010000
3,rhyme,lid,rid,blu,targ,22,-0.005453
3,rhyme,lid,rid,blu,comp,22,-0.008264
3,rhyme,lid,rid,blu,ctrl,22,-0.009266
3,rhyme,lid,rid,blu,targ,23,0.001732
3,rhyme,lid,rid,blu,comp,23,-0.004328
3,rhyme,lid,rid,blu,ctrl,23,-0.005138
3,rhyme,lid,rid,blu,targ,24,0.012308
3,rhyme,lid,rid,blu,comp,24,0.002156
3,rhyme,lid,rid,blu,ctrl,24,0.001998
3,rhyme,lid,rid,blu,targ,25,0.024859
3,rhyme,lid,rid,blu,comp,25,0.009867
3,rhyme,lid,rid,blu,ctrl,25,0.010896
3,rhyme,lid,rid,blu,targ,26,0.036885
3,rhyme,lid,rid,blu,comp,26,0.016239
3,rhyme,lid,rid,blu,ctrl,26,0.019344
3,rhyme,lid,rid,blu,targ,27,0.048656
3,rhyme,lid,rid,blu,comp,27,0.021522
3,rhyme,lid,rid,blu,ctrl,27,0.025669
3,rhyme,lid,rid,blu,targ,28,0.060629
3,rhyme,lid,rid,blu,comp,28,0.026134
3,rhyme,lid,rid,blu,ctrl,28,0.030888
3,rhyme,lid,rid,blu,targ,29,0.073227
3,rhyme,lid,rid,blu,comp,29,0.030436
3,rhyme,lid,rid,blu,ctrl,29,0.034183
3,rhyme,lid,rid,blu,targ,30,0.086125
3,rhyme,lid,rid,blu,comp,30,0.034004
3,rhyme,lid,rid,blu,ctrl,30,0.036117
3,rhyme,lid,rid,blu,targ,31,0.098723
3,rhyme,lid,rid,blu,comp,31,0.036209
3,rhyme,lid,rid,blu,ctrl,31,0.036250
3,rhyme,lid,rid,blu,targ,32,0.110932
3,rhyme,lid,rid,blu,comp,32,0.036927
3,rhyme,lid,rid,blu,ctrl,32,0.034424
3,rhyme,lid,rid,blu,targ,33,0.124916
3,rhyme,lid,rid,blu,comp,33,0.038468
3,rhyme,lid,rid,blu,ctrl,33,0.031784
3,rhyme,lid,rid,blu,targ,34,0.141249
3,rhyme,lid,rid,blu,comp,34,0.041500
3,rhyme,lid,rid,blu,ctrl,34,0.028513
3,rhyme,lid,rid,blu,targ,35,0.159709
3,rhyme,lid,rid,blu,comp,35,0.045858
3,rhyme,lid,rid,blu,ctrl,35,0.024451
3,rhyme,lid,rid,blu,targ,36,0.178979
3,rhyme,lid,rid,blu,comp,36,0.050152
3,rhyme,lid,rid,blu,ctrl,36,0.019574
3,rhyme,lid,rid,blu,targ,37,0.198230
3,rhyme,lid,rid,blu,comp,37,0.053502
3,rhyme,lid,rid,blu,ctrl,37,0.013959
3,rhyme,lid,rid,blu,targ,38,0.217314
3,rhyme,lid,rid,blu,comp,38,0.055789
3,rhyme,lid,rid,blu,ctrl,38,0.007808
3,rhyme,lid,rid,blu,targ,39,0.236142
3,rhyme,lid,rid,blu,comp,39,0.056961
3,rhyme,lid,rid,blu,ctrl,39,0.001422
3,rhyme,lid,rid,blu,targ,40,0.254769
3,rhyme,lid,rid,blu,comp,40,0.057149
3,rhyme,lid,rid,blu,ctrl,40,-0.005109
3,rhyme,lid,rid,blu,targ,41,0.273042
3,rhyme,lid,rid,blu,comp,41,0.056304
3,rhyme,lid,rid,blu,ctrl,41,-0.010000
3,rhyme,lid,rid,blu,targ,42,0.290928
3,rhyme,lid,rid,blu,comp,42,0.054717
3,rhyme,lid,rid,blu,ctrl,42,-0.010000
3,rhyme,lid,rid,blu,targ,43,0.308399
3,rhyme,lid,rid,blu,comp,43,0.052404
3,rhyme,lid,rid,blu,ctrl,43,-0.010000
3,rhyme,lid,rid,blu,targ,44,0.325397
3,rhyme,lid,rid,blu,comp,44,0.049331
3,rhyme,lid,rid,blu,ctrl,44,-0.010000
3,rhyme,lid,rid,blu,targ,45,0.341832
3,rhyme,lid,rid,blu,comp,45,0.046015
3,rhyme,lid,rid,blu,ctrl,45,-0.010000
3,rhyme,lid,rid,blu,targ,46,0.357687
3,rhyme,lid,rid,blu,comp,46,0.042498
3,rhyme,lid,rid,blu,ctrl,46,-0.010000
3,rhyme,lid,rid,blu,targ,47,0.372956
3,rhyme,lid,rid,blu,comp,47,0.038799
3,rhyme,lid,rid,blu,ctrl,47,-0.010000
3,rhyme,lid,rid,blu,targ,48,0.387625
3,rhyme,lid,rid,blu,comp,48,0.034930
3,rhyme,lid,rid,blu,ctrl,48,-0.010000
3,rhyme,lid,rid,blu,targ,49,0.401686
3,rhyme,lid,rid,blu,comp,49,0.030910
3,rhyme,lid,rid,blu,ctrl,49,-0.010000
3,rhyme,lid,rid,blu,targ,50,0.415166
3,rhyme,lid,rid,blu,comp,50,0.026774
3,rhyme,lid,rid,blu,ctrl,50,-0.010000
3,rhyme,lid,rid,blu,targ,51,0.428074
3,rhyme,lid,rid,blu,comp,51,0.022550
3,rhyme,lid,rid,blu,ctrl,51,-0.010000
3,rhyme,lid,rid,blu,targ,52,0.440376
3,rhyme,lid,rid,blu,comp,52,0.018237
3,rhyme,lid,rid,blu,ctrl,52,-0.010000
3,rhyme,lid,rid,blu,targ,53,0.452032
3,rhyme,lid,rid,blu,comp,53,0.013888
3,rhyme,lid,rid,blu,ctrl,53,-0.010000
3,rhyme,lid,rid,blu,targ,54,0.462975
3,rhyme,lid,rid,blu,comp,54,0.009547
3,rhyme,lid,rid,blu,ctrl,54,-0.010000
3,rhyme,lid,rid,blu,targ,55,0.473141
3,rhyme,lid,rid,blu,comp,55,0.005187
3,rhyme,lid,rid,blu,ctrl,55,-0.010000
3,rhyme,lid,rid,blu,targ,56,0.482479
3,rhyme,lid,rid,blu,comp,56,0.000787
3,rhyme,lid,rid,blu,ctrl,56,-0.010000
3,rhyme,lid,rid,blu,targ,57,0.490944
3,rhyme,lid,rid,blu,comp,57,-0.003671
3,rhyme,lid,rid,blu,ctrl,57,-0.010000
3,rhyme,lid,rid,blu,targ,58,0.498536
3,rhyme,lid,rid,blu,comp,58,-0.008181
3,rhyme,lid,rid,blu,ctrl,58,-0.010000
3,rhyme,lid,rid,blu,targ,59,0.505271
3,rhyme,lid,rid,blu,comp,59,-0.010000
3,rhyme,lid,rid,blu,ctrl,59,-0.010000
3,rhyme,lid,rid,blu,targ,60,0.511194
3,rhyme,lid,rid,blu,comp,60,-0.010000
3,rhyme,lid,rid,blu,ctrl,60,-0.010000
3,rhyme,lid,rid,blu,targ,61,0.516380
3,rhyme,lid,rid,blu,comp,61,-0.010000
3,rhyme,lid,rid,blu,ctrl,61,-0.010000
3,rhyme,lid,rid,blu,targ,62,0.520898
3,rhyme,lid,rid,blu,comp,62,-0.010000
3,rhyme,lid,rid,blu,ctrl,62,-0.010000
3,rhyme,lid,rid,blu,targ,63,0.524803
3,rhyme,lid,rid,blu,comp,63,-0.010000
3,rhyme,lid,rid,blu,ctrl,63,-0.010000
3,rhyme,lid,rid,blu,targ,64,0.528148
3,rhyme,lid,rid,blu,comp,64,-0.010000
3,rhyme,lid,rid,blu,ctrl,64,-0.010000
3,rhyme,lid,rid,blu,targ,65,0.530979
3,rhyme,lid,rid,blu,comp,65,-0.010000
3,rhyme,lid,rid,blu,ctrl,65,-0.010000
3,rhyme,lid,rid,blu,targ,66,0.533337
3,rhyme,lid,rid,blu,comp,66,-0.010000
3,rhyme,lid,rid,blu,ctrl,66,-0.010000
3,rhyme,lid,rid,blu,targ,67,0.535279
3,rhyme,lid,rid,blu,comp,67,-0.010000
3,rhyme,lid,rid,blu,ctrl,67,-0.010000
3,rhyme,lid,rid,blu,targ,68,0.536862
3,rhyme,lid,rid,blu,comp,68,-0.010000
3,rhyme,lid,rid,blu,ctrl,68,-0.010000
3,rhyme,lid,rid,blu,targ,69,0.538130
3,rhyme,lid,rid,blu,comp,69,-0.010000
3,rhyme,lid,rid,blu,ctrl,69,-0.010000
3,rhyme,lid,rid,blu,targ,70,0.539119
3,rhyme,lid,rid,blu,comp,70,-0.010000
3,rhyme,lid,rid,blu,ctrl,70,-0.010000
3,rhyme,lid,rid,blu,targ,71,0.539876
3,rhyme,lid,rid,blu,comp,71,-0.010000
3,rhyme,lid,rid,blu,ctrl,71,-0.010000
3,rhyme,lid,rid,blu,targ,72,0.540446
3,rhyme,lid,rid,blu,comp,72,-0.010000
3,rhyme,lid,rid,blu,ctrl,72,-0.010000
3,rhyme,lid,rid,blu,targ,73,0.540862
3,rhyme,lid,rid,blu,comp,73,-0.010000
3,rhyme,lid,rid,blu,ctrl,73,-0.010000
3,rhyme,lid,rid,blu,targ,74,0.541159
3,rhyme,lid,rid,blu,comp,74,-0.010000
3,rhyme,lid,rid,blu,ctrl,74,-0.010000
3,rhyme,lid,rid,blu,targ,75,0.541361
3,rhyme,lid,rid,blu,comp,75,-0.010000
3,rhyme,lid,rid,blu,ctrl,75,-0.010000
3,rhyme,lid,rid,blu,targ,76,0.541492
3,rhyme,lid,rid,blu,comp,76,-0.010000
3,rhyme,lid,rid,blu,ctrl,76,-0.010000
3,rhyme,lid,rid,blu,targ,77,0.541568
3,rhyme,lid,rid,blu,comp,77,-0.010000
3,rhyme,lid,rid,blu,ctrl,77,-0.010000
3,rhyme,lid,rid,blu,targ,78,0.541605
3,rhyme,lid,rid,blu,comp,78,-0.010000
3,rhyme,lid,rid,blu,ctrl,78,-0.010000
3,rhyme,lid,rid,blu,targ,79,0.541614
3,rhyme,lid,rid,blu,comp,79,-0.010000
3,rhyme,lid,rid,blu,ctrl,79,-0.010000
3,rhyme,lid,rid,blu,targ,80,0.541605
3,rhyme,lid,rid,blu,comp,80,-0.010000
3,rhyme,lid,rid,blu,ctrl,80,-0.010000
3,rhyme,lid,rid,blu,targ,81,0.541588
3,rhyme,lid,rid,blu,comp,81,-0.010000
3,rhyme,lid,rid,blu,ctrl,81,-0.010000
3,rhyme,lid,rid,blu,targ,82,0.541570
3,rhyme,lid,rid,blu,comp,82,-0.010000
3,rhyme,lid,rid,blu,ctrl,82,-0.010000
3,rhyme,lid,rid,blu,targ,83,0.541558
3,rhyme,lid,rid,blu,comp,83,-0.010000
3,rhyme,lid,rid,blu,ctrl,83,-0.010000
3,rhyme,lid,rid,blu,targ,84,0.541558
3,rhyme,lid,rid,blu,comp,84,-0.010000
3,rhyme,lid,rid,blu,ctrl,84,-0.010000
3,rhyme,lid,rid,blu,targ,85,0.541573
3,rhyme,lid,rid,blu,comp,85,-0.010000
3,rhyme,lid,rid,blu,ctrl,85,-0.010000
3,rhyme,lid,rid,blu,targ,86,0.541607
3,rhyme,lid,rid,blu,comp,86,-0.010000
3,rhyme,lid,rid,blu,ctrl,86,-0.010000
3,rhyme,lid,rid,blu,targ,87,0.541658
3,rhyme,lid,rid,blu,comp,87,-0.010000
3,rhyme,lid,rid,blu,ctrl,87,-0.010000
3,rhyme,lid,rid,blu,targ,88,0.541727
3,rhyme,lid,rid,blu,comp,88,-0.010000
3,rhyme,lid,rid,blu,ctrl,88,-0.010000
3,rhyme,lid,rid,blu,targ,89,0.541812
3,rhyme,lid,rid,blu,comp,89,-0.010000
3,rhyme,lid,rid,blu,ctrl,89,-0.010000
3,rhyme,lid,rid,blu,targ,90,0.541912
3,rhyme,lid,rid,blu,comp,90,-0.010000
3,rhyme,lid,rid,blu,ctrl,90,-0.010000
4,rhyme,gat,lat,ist,targ,1,-0.010000
4,rhyme,gat,lat,ist,comp,1,-0.010000
4,rhyme,gat,lat,ist,ctrl,1,-0.010000
4,rhyme,gat,lat,ist,targ,2,-0.010000
4,rhyme,gat,lat,ist,comp,2,-0.010000
4,rhyme,gat,lat,ist,ctrl,2,-0.010000
4,rhyme,gat,lat,ist,targ,3,-0.010000
4,rhyme,gat,lat,ist,comp,3,-0.010000
4,rhyme,gat,lat,ist,ctrl,3,-0.010000
4,rhyme,gat,lat,ist,targ,4,-0.010000
4,rhyme,gat,lat,ist,comp,4,-0.010000
4,rhyme,gat,lat,ist,ctrl,4,-0.010000
4,rhyme,gat,lat,ist,targ,5,-0.010000
4,rhyme,gat,lat,ist,comp,5,-0.010000
4,rhyme,gat,lat,ist,ctrl,5,-0.010000
4,rhyme,gat,lat,ist,targ,6,-0.010000
4,rhyme,gat,lat,ist,comp,6,-0.010000
4,rhyme,gat,lat,ist,ctrl,6,-0.010000
4,rhyme,gat,lat,ist,targ,7,-0.010000
4,rhyme,gat,lat,ist,comp,7,-0.010000
4,rhyme,gat,lat,ist,ctrl,7,-0.010000
4,rhyme,gat,lat,ist,targ,8,-0.010000
4,rhyme,gat,lat,ist,comp,8,-0.010000
4,rhyme,gat,lat,ist,ctrl,8,-0.010000
4,rhyme,gat,lat,ist,targ,9,-0.010000
4,rhyme,gat,lat,ist,comp,9,-0.010000
4,rhyme,gat,lat,ist,ctrl,9,-0.010000
4,rhyme,gat,lat,ist,targ,10,-0.010000
4,rhyme,gat,lat,ist,comp,10,-0.010000
4,rhyme,gat,lat,ist,ctrl,10,-0.010000
4,rhyme,gat,lat,ist,targ,11,-0.010000
4,rhyme,gat,lat,ist,comp,11,-0.010000
4,rhyme,gat,lat,ist,ctrl,11,-0.010000
4,rhyme,gat,lat,ist,targ,12,-0.010000
4,rhyme,gat,lat,ist,comp,12,-0.010000
4,rhyme,gat,lat,ist,ctrl,12,-0.010000
4,rhyme,gat,lat,ist,targ,13,-0.010000
4,rhyme,gat,lat,ist,comp,13,-0.010000
4,rhyme,gat,lat,ist,ctrl,13,-0.010000
4,rhyme,gat,lat,ist,targ,14,-0.010000
4,rhyme,gat,lat,ist,comp,14,-0.010000
4,rhyme,gat,lat,ist,ctrl,14,-0.010000
4,rhyme,gat,lat,ist,targ,15,-0.010000
4,rhyme,gat,lat,ist,comp,15,-0.010000
4,rhyme,gat,lat,ist,ctrl,15,-0.010000
4,rhyme,gat,lat,ist,targ,16,-0.010000
4,rhyme,gat,lat,ist,comp,16,-0.010000
4,rhyme,gat,lat,ist,ctrl,16,-0.010000
4,rhyme,gat,lat,ist,targ,17,-0.010000
4,rhyme,gat,lat,ist,comp,17,-0.010000
4,rhyme,gat,lat,ist,ctrl,17,-0.010000
4,rhyme,gat,lat,ist,targ,18,-0.010000
4,rhyme,gat,lat,ist,comp,18,-0.010000
4,rhyme,gat,lat,ist,ctrl,18,-0.010000
4,rhyme,gat,lat,ist,targ,19,-0.010000
4,rhyme,gat,lat,ist,comp,19,-0.010000
4,rhyme,gat,lat,ist,ctrl,19,-0.010000
4,rhyme,gat,lat,ist,targ,20,-0.010000
4,rhyme,gat,lat,ist,comp,20,-0.010000
4,rhyme,gat,lat,ist,ctrl,20,-0.010000
4,rhyme,gat,lat,ist,targ,21,-0.008259
4,rhyme,gat,lat,ist,comp,21,-0.010000
4,rhyme,gat,lat,ist,ctrl,21,-0.010000
4,rhyme,gat,lat,ist,targ,22,-0.003112
4,rhyme,gat,lat,ist,comp,22,-0.010000
4,rhyme,gat,lat,ist,ctrl,22,-0.010000
4,rhyme,gat,lat,ist,targ,23,0.006755
4,rhyme,gat,lat,ist,comp,23,-0.010000
4,rhyme,gat,lat,ist,ctrl,23,-0.010000
4,rhyme,gat,lat,ist,targ,24,0.019991
4,rhyme,gat,lat,ist,comp,24,-0.010000
4,rhyme,gat,lat,ist,ctrl,24,-0.010000
4,rhyme,gat,lat,ist,targ,25,0.034592
4,rhyme,gat,lat,ist,comp,25,-0.010000
4,rhyme,gat,lat,ist,ctrl,25,-0.010000
4,rhyme,gat,lat,ist,targ,26,0.048025
4,rhyme,gat,lat,ist,comp,26,-0.010000
4,rhyme,gat,lat,ist,ctrl,26,-0.010000
4,rhyme,gat,lat,ist,targ,27,0.060662
4,rhyme,gat,lat,ist,comp,27,-0.010000
4,rhyme,gat,lat,ist,ctrl,27,-0.010000
4,rhyme,gat,lat,ist,targ,28,0.074078
4,rhyme,gat,lat,ist,comp,28,-0.010000
4,rhyme,gat,lat,ist,ctrl,28,-0.010000
4,rhyme,gat,lat,ist,targ,29,0.089102
4,rhyme,gat,lat,ist,comp,29,-0.010000
4,rhyme,gat,lat,ist,ctrl,29,-0.010000
4,rhyme,gat,lat,ist,targ,30,0.104468
4,rhyme,gat,lat,ist,comp,30,-0.010000
4,rhyme,gat,lat,ist,ctrl,30,-0.010000
4,rhyme,gat,lat,ist,targ,31,0.119460
4,rhyme,gat,lat,ist,comp,31,-0.010000
4,rhyme,gat,lat,ist,ctrl,31,-0.010000
4,rhyme,gat,lat,ist,targ,32,0.134032
4,rhyme,gat,lat,ist,comp,32,-0.010000
4,rhyme,gat,lat,ist,ctrl,32,-0.010000
4,rhyme,gat,lat,ist,targ,33,0.150157
4,rhyme,gat,lat,ist,comp,33,-0.010000
4,rhyme,gat,lat,ist,ctrl,33,-0.010000
4,rhyme,gat,lat,ist,targ,34,0.168687
4,rhyme,gat,lat,ist,comp,34,-0.010000
4,rhyme,gat,lat,ist,ctrl,34,-0.010000
4,rhyme,gat,lat,ist,targ,35,0.189530
4,rhyme,gat,lat,ist,comp,35,-0.010000
4,rhyme,gat,lat,ist,ctrl,35,-0.010000
4,rhyme,gat,lat,ist,targ,36,0.211262
4,rhyme,gat,lat,ist,comp,36,-0.010000
4,rhyme,gat,lat,ist,ctrl,36,-0.010000
4,rhyme,gat,lat,ist,targ,37,0.232867
4,rhyme,gat,lat,ist,comp,37,-0.010000
4,rhyme,gat,lat,ist,ctrl,37,-0.010000
4,rhyme,gat,lat,ist,targ,38,0.253780
4,rhyme,gat,lat,ist,comp,38,-0.010000
4,rhyme,gat,lat,ist,ctrl,38,-0.010000
4,rhyme,gat,lat,ist,targ,39,0.273669
4,rhyme,gat,lat,ist,comp,39,-0.010000
4,rhyme,gat,lat,ist,ctrl,39,-0.010000
4,rhyme,gat,lat,ist,targ,40,0.292391
4,rhyme,gat,lat,ist,comp,40,-0.010000
4,rhyme,gat,lat,ist,ctrl,40,-0.010000
4,rhyme,gat,lat,ist,targ,41,0.309884
4,rhyme,gat,lat,ist,comp,41,-0.010000
4,rhyme,gat,lat,ist,ctrl,41,-0.010000
4,rhyme,gat,lat,ist,targ,42,0.326116
4,rhyme,gat,lat,ist,comp,42,-0.010000
4,rhyme,gat,lat,ist,ctrl,42,-0.010000
4,rhyme,gat,lat,ist,targ,43,0.341153
4,rhyme,gat,lat,ist,comp,43,-0.010000
4,rhyme,gat,lat,ist,ctrl,43,-0.010000
4,rhyme,gat,lat,ist,targ,44,0.355135
4,rhyme,gat,lat,ist,comp,44,-0.010000
4,rhyme,gat,lat,ist,ctrl,44,-0.010000
4,rhyme,gat,lat,ist,targ,45,0.368203
4,rhyme,gat,lat,ist,comp,45,-0.010000
4,rhyme,gat,lat,ist,ctrl,45,-0.010000
4,rhyme,gat,lat,ist,targ,46,0.380573
4,rhyme,gat,lat,ist,comp,46,-0.010001
4,rhyme,gat,lat,ist,ctrl,46,-0.010001
4,rhyme,gat,lat,ist,targ,47,0.392346
4,rhyme,gat,lat,ist,comp,47,-0.010003
4,rhyme,gat,lat,ist,ctrl,47,-0.010003
4,rhyme,gat,lat,ist,targ,48,0.403586
4,rhyme,gat,lat,ist,comp,48,-0.010007
4,rhyme,gat,lat,ist,ctrl,48,-0.010007
4,rhyme,gat,lat,ist,targ,49,0.414358
4,rhyme,gat,lat,ist,comp,49,-0.010012
4,rhyme,gat,lat,ist,ctrl,49,-0.010012
4,rhyme,gat,lat,ist,targ,50,0.424717
4,rhyme,gat,lat,ist,comp,50,-0.010018
4,rhyme,gat,lat,ist,ctrl,50,-0.010018
4,rhyme,gat,lat,ist,targ,51,0.434711
4,rhyme,gat,lat,ist,comp,51,-0.010024
4,rhyme,gat,lat,ist,ctrl,51,-0.010024
4,rhyme,gat,lat,ist,targ,52,0.444359
4,rhyme,gat,lat,ist,comp,52,-0.010028
4,rhyme,gat,lat,ist,ctrl,52,-0.010028
4,rhyme,gat,lat,ist,targ,53,0.453620
4,rhyme,gat,lat,ist,comp,53,-0.010031
4,rhyme,gat,lat,ist,ctrl,53,-0.010031
4,rhyme,gat,lat,ist,targ,54,0.462452
4,rhyme,gat,lat,ist,comp,54,-0.010032
4,rhyme,gat,lat,ist,ctrl,54,-0.010032
4,rhyme,gat,lat,ist,targ,55,0.470826
4,rhyme,gat,lat,ist,comp,55,-0.010032
4,rhyme,gat,lat,ist,ctrl,55,-0.010032
4,rhyme,gat,lat,ist,targ,56,0.478719
4,rhyme,gat,lat,ist,comp,56,-0.010030
4,rhyme,gat,lat,ist,ctrl,56,-0.010030
4,rhyme,gat,lat,ist,targ,57,0.486108
4,rhyme,gat,lat,ist,comp,57,-0.010029
4,rhyme,gat,lat,ist,ctrl,57,-0.010029
4,rhyme,gat,lat,ist,targ,58,0.492972
4,rhyme,gat,lat,ist,comp,58,-0.010028
4,rhyme,gat,lat,ist,ctrl,58,-0.010028
4,rhyme,gat,lat,ist,targ,59,0.499301
4,rhyme,gat,lat,ist,comp,59,-0.010026
4,rhyme,gat,lat,ist,ctrl,59,-0.010026
4,rhyme,gat,lat,ist,targ,60,0.505099
4,rhyme,gat,lat,ist,comp,60,-0.010025
4,rhyme,gat,lat,ist,ctrl,60,-0.010025
4,rhyme,gat,lat,ist,targ,61,0.510403
4,rhyme,gat,lat,ist,comp,61,-0.010024
4,rhyme,gat,lat,ist,ctrl,61,-0.010024
4,rhyme,gat,lat,ist,targ,62,0.515245
4,rhyme,gat,lat,ist,comp,62,-0.010022
4,rhyme,gat,lat,ist,ctrl,62,-0.010022
4,rhyme,gat,lat,ist,targ,63,0.519651
4,rhyme,gat,lat,ist,comp,63,-0.010021
4,rhyme,gat,lat,ist,ctrl,63,-0.010021
4,rhyme,gat,lat,ist,targ,64,0.523645
4,rhyme,gat,lat,ist,comp,64,-0.010020
4,rhyme,gat,lat,ist,ctrl,64,-0.010020
4,rhyme,gat,lat,ist,targ,65,0.527250
4,rhyme,gat,lat,ist,comp,65,-0.010019
4,rhyme,gat,lat,ist,ctrl,65,-0.010019
4,rhyme,gat,lat,ist,targ,66,0.530487
4,rhyme,gat,lat,ist,comp,66,-0.010018
4,rhyme,gat,lat,ist,ctrl,66,-0.010018
4,rhyme,gat,lat,ist,targ,67,0.533377
4,rhyme,gat,lat,ist,comp,67,-0.010017
4,rhyme,gat,lat,ist,ctrl,67,-0.010017
4,rhyme,gat,lat,ist,targ,68,0.535940
4,rhyme,gat,lat,ist,comp,68,-0.010016
4,rhyme,gat,lat,ist,ctrl,68,-0.010016
4,rhyme,gat,lat,ist,targ,69,0.538195
4,rhyme,gat,lat,ist,comp,69,-0.010016
4,rhyme,gat,lat,ist,ctrl,69,-0.010016
4,rhyme,gat,lat,ist,targ,70,0.540162
4,rhyme,gat,lat,ist,comp,70,-0.010015
4,rhyme,gat,lat,ist,ctrl,70,-0.010015
4,rhyme,gat,lat,ist,targ,71,0.541862
4,rhyme,gat,lat,ist,comp,71,-0.010014
4,rhyme,gat,lat,ist,ctrl,71,-0.010014
4,rhyme,gat,lat,ist,targ,72,0.543323
4,rhyme,gat,lat,ist,comp,72,-0.010013
4,rhyme,gat,lat,ist,ctrl,72,-0.010013
4,rhyme,gat,lat,ist,targ,73,0.544573
4,rhyme,gat,lat,ist,comp,73,-0.010013
4,rhyme,gat,lat,ist,ctrl,73,-0.010013
4,rhyme,gat,lat,ist,targ,74,0.545640
4,rhyme,gat,lat,ist,comp,74,-0.010012
4,rhyme,gat,lat,ist,ctrl,74,-0.010012
4,rhyme,gat,lat,ist,targ,75,0.546540
4,rhyme,gat,lat,ist,comp,75,-0.010012
4,rhyme,gat,lat,ist,ctrl,75,-0.010012
4,rhyme,gat,lat,ist,targ,76,0.547292
4,rhyme,gat,lat,ist,comp,76,-0.010011
4,rhyme,gat,lat,ist,ctrl,76,-0.010011
4,rhyme,gat,lat,ist,targ,77,0.547910
4,rhyme,gat,lat,ist,comp,77,-0.010010
4,rhyme,gat,lat,ist,ctrl,77,-0.010010
4,rhyme,gat,lat,ist,targ,78,0.548413
4,rhyme,gat,lat,ist,comp,78,-0.010010
4,rhyme,gat,lat,ist,ctrl,78,-0.010010
4,rhyme,gat,lat,ist,targ,79,0.548819
4,rhyme,gat,lat,ist,comp,79,-0.010009
4,rhyme,gat,lat,ist,ctrl,79,-0.010009
4,rhyme,gat,lat,ist,targ,80,0.549147
4,rhyme,gat,lat,ist,comp,80,-0.010009
4,rhyme,gat,lat,ist,ctrl,80,-0.010009
4,rhyme,gat,lat,ist,targ,81,0.549411
4,rhyme,gat,lat,ist,comp,81,-0.010008
4,rhyme,gat,lat,ist,ctrl,81,-0.010008
4,rhyme,gat,lat,ist,targ,82,0.549623
4,rhyme,gat,lat,ist,comp,82,-0.010008
4,rhyme,gat,lat,ist,ctrl,82,-0.010008
4,rhyme,gat,lat,ist,targ,83,0.549793
4,rhyme,gat,lat,ist,comp,83,-0.010008
4,rhyme,gat,lat,ist,ctrl,83,-0.010008
4,rhyme,gat,lat,ist,targ,84,0.549930
4,rhyme,gat,lat,ist,comp,84,-0.010007
4,rhyme,gat,lat,ist,ctrl,84,-0.010007
4,rhyme,gat,lat,ist,targ,85,0.550041
4,rhyme,gat,lat,ist,comp,85,-0.010007
4,rhyme,gat,lat,ist,ctrl,85,-0.010007
4,rhyme,gat,lat,ist,targ,86,0.550130
4,rhyme,gat,lat,ist,comp,86,-0.010007
4,rhyme,gat,lat,ist,ctrl,86,-0.010007
4,rhyme,gat,lat,ist,targ,87,0.550232
4,rhyme,gat,lat,ist,comp,87,-0.010006
4,rhyme,gat,lat,ist,ctrl,87,-0.010006
4,rhyme,gat,lat,ist,targ,88,0.550399
4,rhyme,gat,lat,ist,comp,88,-0.010006
4,rhyme,gat,lat,ist,ctrl,88,-0.010006
4,rhyme,gat,lat,ist,targ,89,0.550612
4,rhyme,gat,lat,ist,comp,89,-0.010006
4,rhyme,gat,lat,ist,ctrl,89,-0.010006
4,rhyme,gat,lat,ist,targ,90,0.550857
4,rhyme,gat,lat,ist,comp,90,-0.010005
4,rhyme,gat,lat,ist,ctrl,90,-0.010005
5,rhyme,kar,bar,ist,targ,1,-0.010000
5,rhyme,kar,bar,ist,comp,1,-0.010000
5,rhyme,kar,bar,ist,ctrl,1,-0.010000
5,rhyme,kar,bar,ist,targ,2,-0.010000
5,rhyme,kar,bar,ist,comp,2,-0.010000
5,rhyme,kar,bar,ist,ctrl,2,-0.010000
5,rhyme,kar,bar,ist,targ,3,-0.010000
5,rhyme,kar,bar,ist,comp,3,-0.010000
5,rhyme,kar,bar,ist,ctrl,3,-0.010000
5,rhyme,kar,bar,ist,targ,4,-0.010000
5,rhyme,kar,bar,ist,comp,4,-0.010000
5,rhyme,kar,bar,ist,ctrl,4,-0.010000
5,rhyme,kar,bar,ist,targ,5,-0.010000
5,rhyme,kar,bar,ist,comp,5,-0.010000
5,rhyme,kar,bar,ist,ctrl,5,-0.010000
5,rhyme,kar,bar,ist,targ,6,-0.010000
5,rhyme,kar,bar,ist,comp,6,-0.010000
5,rhyme,kar,bar,ist,ctrl,6,-0.010000
5,rhyme,kar,bar,ist,targ,7,-0.010000
5,rhyme,kar,bar,ist,comp,7,-0.010000
5,rhyme,kar,bar,ist,ctrl,7,-0.010000
5,rhyme,kar,bar,ist,targ,8,-0.010000
5,rhyme,kar,bar,ist,comp,8,-0.010000
5,rhyme,kar,bar,ist,ctrl,8,-0.010000
5,rhyme,kar,bar,ist,targ,9,-0.010000
5,rhyme,kar,bar,ist,comp,9,-0.010000
5,rhyme,kar,bar,ist,ctrl,9,-0.010000
5,rhyme,kar,bar,ist,targ,10,-0.010000
5,rhyme,kar,bar,ist,comp,10,-0.010000
5,rhyme,kar,bar,ist,ctrl,10,-0.010000
5,rhyme,kar,bar,ist,targ,11,-0.010000
5,rhyme,kar,bar,ist,comp,11,-0.010000
5,rhyme,kar,bar,ist,ctrl,11,-0.010000
5,rhyme,kar,bar,ist,targ,12,-0.010000
5,rhyme,kar,bar,ist,comp,12,-0.010000
5,rhyme,kar,bar,ist,ctrl,12,-0.010000
5,rhyme,kar,bar,ist,targ,13,-0.010000
5,rhyme,kar,bar,ist,comp,13,-0.010000
5,rhyme,kar,bar,ist,ctrl,13,-0.010000
5,rhyme,kar,bar,ist,targ,14,-0.010000
5,rhyme,kar,bar,ist,comp,14,-0.010000
5,rhyme,kar,bar,ist,ctrl,14,-0.010000
5,rhyme,kar,bar,ist,targ,15,-0.010000
5,rhyme,kar,bar,ist,comp,15,-0.010000
5,rhyme,kar,bar,ist,ctrl,15,-0.010000
5,rhyme,kar,bar,ist,targ,16,-0.010000
5,rhyme,kar,bar,ist,comp,16,-0.010000
5,rhyme,kar,bar,ist,ctrl,16,-0.010000
5,rhyme,kar,bar,ist,targ,17,-0.010000
5,rhyme,kar,bar,ist,comp,17,-0.010000
5,rhyme,kar,bar,ist,ctrl,17,-0.010000
5,rhyme,kar,bar,ist,targ,18,-0.010000
5,rhyme,kar,bar,ist,comp,18,-0.010000
5,rhyme,kar,bar,ist,ctrl,18,-0.010000
5,rhyme,kar,bar,ist,targ,19,-0.010000
5,rhyme,kar,bar,ist,comp,19,-0.010000
5,rhyme,kar,bar,ist,ctrl,19,-0.010000
5,rhyme,kar,bar,ist,targ,20,-0.010000
5,rhyme,kar,bar,ist,comp,20,-0.010000
5,rhyme,kar,bar,ist,ctrl,20,-0.010000
5,rhyme,kar,bar,ist,targ,21,-0.008259
5,rhyme,kar,bar,ist,comp,21,-0.010000
5,rhyme,kar,bar,ist,ctrl,21,-0.010000
5,rhyme,kar,bar,ist,targ,22,-0.003112
5,rhyme,kar,bar,ist,comp,22,-0.010000
5,rhyme,kar,bar,ist,ctrl,22,-0.010000
5,rhyme,kar,bar,ist,targ,23,0.006755
5,rhyme,kar,bar,ist,comp,23,-0.009910
5,rhyme,kar,bar,ist,ctrl,23,-0.010000
5,rhyme,kar,bar,ist,targ,24,0.019879
5,rhyme,kar,bar,ist,comp,24,-0.009954
5,rhyme,kar,bar,ist,ctrl,24,-0.010000
5,rhyme,kar,bar,ist,targ,25,0.033450
5,rhyme,kar,bar,ist,comp,25,-0.010000
5,rhyme,kar,bar,ist,ctrl,25,-0.010000
5,rhyme,kar,bar,ist,targ,26,0.044555
5,rhyme,kar,bar,ist,comp,26,-0.010000
5,rhyme,kar,bar,ist,ctrl,26,-0.010000
5,rhyme,kar,bar,ist,targ,27,0.054526
5,rhyme,kar,bar,ist,comp,27,-0.010000
5,rhyme,kar,bar,ist,ctrl,27,-0.010000
5,rhyme,kar,bar,ist,targ,28,0.065444
5,rhyme,kar,bar,ist,comp,28,-0.010000
5,rhyme,kar,bar,ist,ctrl,28,-0.010000
5,rhyme,kar,bar,ist,targ,29,0.078144
5,rhyme,kar,bar,ist,comp,29,-0.010000
5,rhyme,kar,bar,ist,ctrl,29,-0.010000
5,rhyme,kar,bar,ist,targ,30,0.091455
5,rhyme,kar,bar,ist,comp,30,-0.010000
5,rhyme,kar,bar,ist,ctrl,30,-0.010000
5,rhyme,kar,bar,ist,targ,31,0.105289
5,rhyme,kar,bar,ist,comp,31,-0.010000
5,rhyme,kar,bar,ist,ctrl,31,-0.010000
5,rhyme,kar,bar,ist,targ,32,0.119982
5,rhyme,kar,bar,ist,comp,32,-0.010000
5,rhyme,kar,bar,ist,ctrl,32,-0.010000
5,rhyme,kar,bar,ist,targ,33,0.136428
5,rhyme,kar,bar,ist,comp,33,-0.010000
5,rhyme,kar,bar,ist,ctrl,33,-0.010000
5,rhyme,kar,bar,ist,targ,34,0.154427
5,rhyme,kar,bar,ist,comp,34,-0.010000
5,rhyme,kar,bar,ist,ctrl,34,-0.010000
5,rhyme,kar,bar,ist,targ,35,0.174108
5,rhyme,kar,bar,ist,comp,35,-0.010000
5,rhyme,kar,bar,ist,ctrl,35,-0.010000
5,rhyme,kar,bar,ist,targ,36,0.194802
5,rhyme,kar,bar,ist,comp,36,-0.010000
5,rhyme,kar,bar,ist,ctrl,36,-0.010000
5,rhyme,kar,bar,ist,targ,37,0.215812
5,rhyme,kar,bar,ist,comp,37,-0.010000
5,rhyme,kar,bar,ist,ctrl,37,-0.010000
5,rhyme,kar,bar,ist,targ,38,0.236650
5,rhyme,kar,bar,ist,comp,38,-0.010000
5,rhyme,kar,bar,ist,ctrl,38,-0.010000
5,rhyme,kar,bar,ist,targ,39,0.256936
5,rhyme,kar,bar,ist,comp,39,-0.010000
5,rhyme,kar,bar,ist,ctrl,39,-0.010000
5,rhyme,kar,bar,ist,targ,40,0.276463
5,rhyme,kar,bar,ist,comp,40,-0.010000
5,rhyme,kar,bar,ist,ctrl,40,-0.010000
5,rhyme,kar,bar,ist,targ,41,0.295105
5,rhyme,kar,bar,ist,comp,41,-0.010000
5,rhyme,kar,bar,ist,ctrl,41,-0.010000
5,rhyme,kar,bar,ist,targ,42,0.312755
5,rhyme,kar,bar,ist,comp,42,-0.010000
5,rhyme,kar,bar,ist,ctrl,42,-0.010000
5,rhyme,kar,bar,ist,targ,43,0.329295
5,rhyme,kar,bar,ist,comp,43,-0.010000
5,rhyme,kar,bar,ist,ctrl,43,-0.010000
5,rhyme,kar,bar,ist,targ,44,0.344784
5,rhyme,kar,bar,ist,comp,44,-0.010000
5,rhyme,kar,bar,ist,ctrl,44,-0.010000
5,rhyme,kar,bar,ist,targ,45,0.359296
5,rhyme,kar,bar,ist,comp,45,-0.010000
5,rhyme,kar,bar,ist,ctrl,45,-0.010000
5,rhyme,kar,bar,ist,targ,46,0.372880
5,rhyme,kar,bar,ist,comp,46,-0.010000
5,rhyme,kar,bar,ist,ctrl,46,-0.010000
5,rhyme,kar,bar,ist,targ,47,0.385532
5,rhyme,kar,bar,ist,comp,47,-0.010000
5,rhyme,kar,bar,ist,ctrl,47,-0.010000
5,rhyme,kar,bar,ist,targ,48,0.397319
5,rhyme,kar,bar,ist,comp,48,-0.010000
5,rhyme,kar,bar,ist,ctrl,48,-0.010000
5,rhyme,kar,bar,ist,targ,49,0.408342
5,rhyme,kar,bar,ist,comp,49,-0.010000
5,rhyme,kar,bar,ist,ctrl,49,-0.010000
5,rhyme,kar,bar,ist,targ,50,0.418675
5,rhyme,kar,bar,ist,comp,50,-0.010000
5,rhyme,kar,bar,ist,ctrl,50,-0.010000
5,rhyme,kar,bar,ist,targ,51,0.428394
5,rhyme,kar,bar,ist,comp,51,-0.010000
5,rhyme,kar,bar,ist,ctrl,51,-0.010000
5,rhyme,kar,bar,ist,targ,52,0.437569
5,rhyme,kar,bar,ist,comp,52,-0.010000
5,rhyme,kar,bar,ist,ctrl,52,-0.010000
5,rhyme,kar,bar,ist,targ,53,0.446270
5,rhyme,kar,bar,ist,comp,53,-0.010000
5,rhyme,kar,bar,ist,ctrl,53,-0.010000
5,rhyme,kar,bar,ist,targ,54,0.454552
5,rhyme,kar,bar,ist,comp,54,-0.010000
5,rhyme,kar,bar,ist,ctrl,54,-0.010000
5,rhyme,kar,bar,ist,targ,55,0.462455
5,rhyme,kar,bar,ist,comp,55,-0.010000
5,rhyme,kar,bar,ist,ctrl,55,-0.010000
5,rhyme,kar,bar,ist,targ,56,0.470011
5,rhyme,kar,bar,ist,comp,56,-0.010000
5,rhyme,kar,bar,ist,ctrl,56,-0.010000
5,rhyme,kar,bar,ist,targ,57,0.477231
5,rhyme,kar,bar,ist,comp,57,-0.010000
5,rhyme,kar,bar,ist,ctrl,57,-0.010000
5,rhyme,kar,bar,ist,targ,58,0.484117
5,rhyme,kar,bar,ist,comp,58,-0.010000
5,rhyme,kar,bar,ist,ctrl,58,-0.010000
5,rhyme,kar,bar,ist,targ,59,0.490670
5,rhyme,kar,bar,ist,comp,59,-0.010000
5,rhyme,kar,bar,ist,ctrl,59,-0.010000
5,rhyme,kar,bar,ist,targ,60,0.496890
5,rhyme,kar,bar,ist,comp,60,-0.010000
5,rhyme,kar,bar,ist,ctrl,60,-0.010000
5,rhyme,kar,bar,ist,targ,61,0.502884
5,rhyme,kar,bar,ist,comp,61,-0.010000
5,rhyme,kar,bar,ist,ctrl,61,-0.010000
5,rhyme,kar,bar,ist,targ,62,0.508602
5,rhyme,kar,bar,ist,comp,62,-0.010000
5,rhyme,kar,bar,ist,ctrl,62,-0.010000
5,rhyme,kar,bar,ist,targ,63,0.514006
5,rhyme,kar,bar,ist,comp,63,-0.010000
5,rhyme,kar,bar,ist,ctrl,63,-0.010000
5,rhyme,kar,bar,ist,targ,64,0.519070
5,rhyme,kar,bar,ist,comp,64,-0.010000
5,rhyme,kar,bar,ist,ctrl,64,-0.010000
5,rhyme,kar,bar,ist,targ,65,0.523771
5,rhyme,kar,bar,ist,comp,65,-0.010000
5,rhyme,kar,bar,ist,ctrl,65,-0.010000
5,rhyme,kar,bar,ist,targ,66,0.528100
5,rhyme,kar,bar,ist,comp,66,-0.010000
5,rhyme,kar,bar,ist,ctrl,66,-0.010000
5,rhyme,kar,bar,ist,targ,67,0.532055
5,rhyme,kar,bar,ist,comp,67,-0.010000
5,rhyme,kar,bar,ist,ctrl,67,-0.010000
5,rhyme,kar,bar,ist,targ,68,0.535649
5,rhyme,kar,bar,ist,comp,68,-0.010000
5,rhyme,kar,bar,ist,ctrl,68,-0.010000
5,rhyme,kar,bar,ist,targ,69,0.538905
5,rhyme,kar,bar,ist,comp,69,-0.010000
5,rhyme,kar,bar,ist,ctrl,69,-0.010000
5,rhyme,kar,bar,ist,targ,70,0.541847
5,rhyme,kar,bar,ist,comp,70,-0.010000
5,rhyme,kar,bar,ist,ctrl,70,-0.010000
5,rhyme,kar,bar,ist,targ,71,0.544507
5,rhyme,kar,bar,ist,comp,71,-0.010000
5,rhyme,kar,bar,ist,ctrl,71,-0.010000
5,rhyme,kar,bar,ist,targ,72,0.546912
5,rhyme,kar,bar,ist,comp,72,-0.010000
5,rhyme,kar,bar,ist,ctrl,72,-0.010000
5,rhyme,kar,bar,ist,targ,73,0.549082
5,rhyme,kar,bar,ist,comp,73,-0.010000
5,rhyme,kar,bar,ist,ctrl,73,-0.010000
5,rhyme,kar,bar,ist,targ,74,0.551025
5,rhyme,kar,bar,ist,comp,74,-0.010000
5,rhyme,kar,bar,ist,ctrl,74,-0.010000
5,rhyme,kar,bar,ist,targ,75,0.552746
5,rhyme,kar,bar,ist,comp,75,-0.010000
5,rhyme,kar,bar,ist,ctrl,75,-0.010000
5,rhyme,kar,bar,ist,targ,76,0.554252
5,rhyme,kar,bar,ist,comp,76,-0.010000
5,rhyme,kar,bar,ist,ctrl,76,-0.010000
5,rhyme,kar,bar,ist,targ,77,0.555550
5,rhyme,kar,bar,ist,comp,77,-0.010000
5,rhyme,kar,bar,ist,ctrl,77,-0.010000
5,rhyme,kar,bar,ist,targ,78,0.556645
5,rhyme,kar,bar,ist,comp,78,-0.010000
5,rhyme,kar,bar,ist,ctrl,78,-0.010000
5,rhyme,kar,bar,ist,targ,79,0.557544
5,rhyme,kar,bar,ist,comp,79,-0.010000
5,rhyme,kar,bar,ist,ctrl,79,-0.010000
5,rhyme,kar,bar,ist,targ,80,0.558264
5,rhyme,kar,bar,ist,comp,80,-0.010000
5,rhyme,kar,bar,ist,ctrl,80,-0.010000
5,rhyme,kar,bar,ist,targ,81,0.558820
5,rhyme,kar,bar,ist,comp,81,-0.010000
5,rhyme,kar,bar,ist,ctrl,81,-0.010000
5,rhyme,kar,bar,ist,targ,82,0.559224
5,rhyme,kar,bar,ist,comp,82,-0.010000
5,rhyme,kar,bar,ist,ctrl,82,-0.010000
5,rhyme,kar,bar,ist,targ,83,0.559489
5,rhyme,kar,bar,ist,comp,83,-0.010000
5,rhyme,kar,bar,ist,ctrl,83,-0.010000
5,rhyme,kar,bar,ist,targ,84,0.559624
5,rhyme,kar,bar,ist,comp,84,-0.010000
5,rhyme,kar,bar,ist,ctrl,84,-0.010000
5,rhyme,kar,bar,ist,targ,85,0.559640
5,rhyme,kar,bar,ist,comp,85,-0.010000
5,rhyme,kar,bar,ist,ctrl,85,-0.010000
5,rhyme,kar,bar,ist,targ,86,0.559546
5,rhyme,kar,bar,ist,comp,86,-0.010000
5,rhyme,kar,bar,ist,ctrl,86,-0.010000
5,rhyme,kar,bar,ist,targ,87,0.559351
5,rhyme,kar,bar,ist,comp,87,-0.010000
5,rhyme,kar,bar,ist,ctrl,87,-0.010000
5,rhyme,kar,bar,ist,targ,88,0.559063
5,rhyme,kar,bar,ist,comp,88,-0.010000
5,rhyme,kar,bar,ist,ctrl,88,-0.010000
5,rhyme,kar,bar,ist,targ,89,0.558691
5,rhyme,kar,bar,ist,comp,89,-0.010000
5,rhyme,kar,bar,ist,ctrl,89,-0.010000
5,rhyme,kar,bar,ist,targ,90,0.558242
5,rhyme,kar,bar,ist,comp,90,-0.010000
5,rhyme,kar,bar,ist,ctrl,90,-0.010000
6,rhyme,kip,dip,ist,targ,1,-0.010000
6,rhyme,kip,dip,ist,comp,1,-0.010000
6,rhyme,kip,dip,ist,ctrl,1,-0.010000
6,rhyme,kip,dip,ist,targ,2,-0.010000
6,rhyme,kip,dip,ist,comp,2,-0.010000
6,rhyme,kip,dip,ist,ctrl,2,-0.010000
6,rhyme,kip,dip,ist,targ,3,-0.010000
6,rhyme,kip,dip,ist,comp,3,-0.010000
6,rhyme,kip,dip,ist,ctrl,3,-0.010000
6,rhyme,kip,dip,ist,targ,4,-0.010000
6,rhyme,kip,dip,ist,comp,4,-0.010000
6,rhyme,kip,dip,ist,ctrl,4,-0.010000
6,rhyme,kip,dip,ist,targ,5,-0.010000
6,rhyme,kip,dip,ist,comp,5,-0.010000
6,rhyme,kip,dip,ist,ctrl,5,-0.010000
6,rhyme,kip,dip,ist,targ,6,-0.010000
6,rhyme,kip,dip,ist,comp,6,-0.010000
6,rhyme,kip,dip,ist,ctrl,6,-0.010000
6,rhyme,kip,dip,ist,targ,7,-0.010000
6,rhyme,kip,dip,ist,comp,7,-0.010000
6,rhyme,kip,dip,ist,ctrl,7,-0.010000
6,rhyme,kip,dip,ist,targ,8,-0.010000
6,rhyme,kip,dip,ist,comp,8,-0.010000
6,rhyme,kip,dip,ist,ctrl,8,-0.010000
6,rhyme,kip,dip,ist,targ,9,-0.010000
6,rhyme,kip,dip,ist,comp,9,-0.010000
6,rhyme,kip,dip,ist,ctrl,9,-0.010000
6,rhyme,kip,dip,ist,targ,10,-0.010000
6,rhyme,kip,dip,ist,comp,10,-0.010000
6,rhyme,kip,dip,ist,ctrl,10,-0.010000
6,rhyme,kip,dip,ist,targ,11,-0.010000
6,rhyme,kip,dip,ist,comp,11,-0.010000
6,rhyme,kip,dip,ist,ctrl,11,-0.010000
6,rhyme,kip,dip,ist,targ,12,-0.010000
6,rhyme,kip,dip,ist,comp,12,-0.010000
6,rhyme,kip,dip,ist,ctrl,12,-0.010000
6,rhyme,kip,dip,ist,targ,13,-0.010000
6,rhyme,kip,dip,ist,comp,13,-0.010000
6,rhyme,kip,dip,ist,ctrl,13,-0.010000
6,rhyme,kip,dip,ist,targ,14,-0.010000
6,rhyme,kip,dip,ist,comp,14,-0.010000
6,rhyme,kip,dip,ist,ctrl,14,-0.010000
6,rhyme,kip,dip,ist,targ,15,-0.010000
6,rhyme,kip,dip,ist,comp,15,-0.010000
6,rhyme,kip,dip,ist,ctrl,15,-0.010000
6,rhyme,kip,dip,ist,targ,16,-0.010000
6,rhyme,kip,dip,ist,comp,16,-0.010000
6,rhyme,kip,dip,ist,ctrl,16,-0.010000
6,rhyme,kip,dip,ist,targ,17,-0.010000
6,rhyme,kip,dip,ist,comp,17,-0.010000
6,rhyme,kip,dip,ist,ctrl,17,-0.010000
6,rhyme,kip,dip,ist,targ,18,-0.010000
6,rhyme,kip,dip,ist,comp,18,-0.010000
6,rhyme,kip,dip,ist,ctrl,18,-0.010000
6,rhyme,kip,dip,ist,targ,19,-0.010000
6,rhyme,kip,dip,ist,comp,19,-0.010000
6,rhyme,kip,dip,ist,ctrl,19,-0.010000
6,rhyme,kip,dip,ist,targ,20,-0.010000
6,rhyme,kip,dip,ist,comp,20,-0.010000
6,rhyme,kip,dip,ist,ctrl,20,-0.010000
6,rhyme,kip,dip,ist,targ,21,-0.008259
6,rhyme,kip,dip,ist,comp,21,-0.010000
6,rhyme,kip,dip,ist,ctrl,21,-0.010000
6,rhyme,kip,dip,ist,targ,22,-0.003159
6,rhyme,kip,dip,ist,comp,22,-0.010000
6,rhyme,kip,dip,ist,ctrl,22,-0.010000
6,rhyme,kip,dip,ist,targ,23,0.006477
6,rhyme,kip,dip,ist,comp,23,-0.010000
6,rhyme,kip,dip,ist,ctrl,23,-0.010000
6,rhyme,kip,dip,ist,targ,24,0.019160
6,rhyme,kip,dip,ist,comp,24,-0.010000
6,rhyme,kip,dip,ist,ctrl,24,-0.010000
6,rhyme,kip,dip,ist,targ,25,0.032178
6,rhyme,kip,dip,ist,comp,25,-0.010000
6,rhyme,kip,dip,ist,ctrl,25,-0.010000
6,rhyme,kip,dip,ist,targ,26,0.042815
6,rhyme,kip,dip,ist,comp,26,-0.010000
6,rhyme,kip,dip,ist,ctrl,26,-0.010000
6,rhyme,kip,dip,ist,targ,27,0.051431
6,rhyme,kip,dip,ist,comp,27,-0.010000
6,rhyme,kip,dip,ist,ctrl,27,-0.010000
6,rhyme,kip,dip,ist,targ,28,0.060763
6,rhyme,kip,dip,ist,comp,28,-0.010000
6,rhyme,kip,dip,ist,ctrl,28,-0.010000
6,rhyme,kip,dip,ist,targ,29,0.071804
6,rhyme,kip,dip,ist,comp,29,-0.010000
6,rhyme,kip,dip,ist,ctrl,29,-0.010000
6,rhyme,kip,dip,ist,targ,30,0.084080
6,rhyme,kip,dip,ist,comp,30,-0.010000
6,rhyme,kip,dip,ist,ctrl,30,-0.010000
6,rhyme,kip,dip,ist,targ,31,0.096643
6,rhyme,kip,dip,ist,comp,31,-0.010000
6,rhyme,kip,dip,ist,ctrl,31,-0.010000
6,rhyme,kip,dip,ist,targ,32,0.109377
6,rhyme,kip,dip,ist,comp,32,-0.010000
6,rhyme,kip,dip,ist,ctrl,32,-0.010000
6,rhyme,kip,dip,ist,targ,33,0.124241
6,rhyme,kip,dip,ist,comp,33,-0.010000
6,rhyme,kip,dip,ist,ctrl,33,-0.010000
6,rhyme,kip,dip,ist,targ,34,0.142553
6,rhyme,kip,dip,ist,comp,34,-0.010000
6,rhyme,kip,dip,ist,ctrl,34,-0.010000
6,rhyme,kip,dip,ist,targ,35,0.162880
6,rhyme,kip,dip,ist,comp,35,-0.010000
6,rhyme,kip,dip,ist,ctrl,35,-0.010000
6,rhyme,kip,dip,ist,targ,36,0.184000
6,rhyme,kip,dip,ist,comp,36,-0.010000
6,rhyme,kip,dip,ist,ctrl,36,-0.010000
6,rhyme,kip,dip,ist,targ,37,0.205006
6,rhyme,kip,dip,ist,comp,37,-0.010000
6,rhyme,kip,dip,ist,ctrl,37,-0.010000
6,rhyme,kip,dip,ist,targ,38,0.225248
6,rhyme,kip,dip,ist,comp,38,-0.010000
6,rhyme,kip,dip,ist,ctrl,38,-0.010000
6,rhyme,kip,dip,ist,targ,39,0.244399
6,rhyme,kip,dip,ist,comp,39,-0.010000
6,rhyme,kip,dip,ist,ctrl,39,-0.010000
6,rhyme,kip,dip,ist,targ,40,0.262385
6,rhyme,kip,dip,ist,comp,40,-0.010000
6,rhyme,kip,dip,ist,ctrl,40,-0.010000
6,rhyme,kip,dip,ist,targ,41,0.279149
6,rhyme,kip,dip,ist,comp,41,-0.010006
6,rhyme,kip,dip,ist,ctrl,41,-0.010006
6,rhyme,kip,dip,ist,targ,42,0.294785
6,rhyme,kip,dip,ist,comp,42,-0.010038
6,rhyme,kip,dip,ist,ctrl,42,-0.010038
6,rhyme,kip,dip,ist,targ,43,0.309549
6,rhyme,kip,dip,ist,comp,43,-0.010101
6,rhyme,kip,dip,ist,ctrl,43,-0.010101
6,rhyme,kip,dip,ist,targ,44,0.323598
6,rhyme,kip,dip,ist,comp,44,-0.010193
6,rhyme,kip,dip,ist,ctrl,44,-0.010193
6,rhyme,kip,dip,ist,targ,45,0.337022
6,rhyme,kip,dip,ist,comp,45,-0.010300
6,rhyme,kip,dip,ist,ctrl,45,-0.010300
6,rhyme,kip,dip,ist,targ,46,0.349916
6,rhyme,kip,dip,ist,comp,46,-0.010412
6,rhyme,kip,dip,ist,ctrl,46,-0.010412
6,rhyme,kip,dip,ist,targ,47,0.362355
6,rhyme,kip,dip,ist,comp,47,-0.010522
6,rhyme,kip,dip,ist,ctrl,47,-0.010522
6,rhyme,kip,dip,ist,targ,48,0.374331
6,rhyme,kip,dip,ist,comp,48,-0.010625
6,rhyme,kip,dip,ist,ctrl,48,-0.010625
6,rhyme,kip,dip,ist,targ,49,0.385866
6,rhyme,kip,dip,ist,comp,49,-0.010718
6,rhyme,kip,dip,ist,ctrl,49,-0.010718
6,rhyme,kip,dip,ist,targ,50,0.397000
6,rhyme,kip,dip,ist,comp,50,-0.010798
6,rhyme,kip,dip,ist,ctrl,50,-0.010798
6,rhyme,kip,dip,ist,targ,51,0.407750
6,rhyme,kip,dip,ist,comp,51,-0.010861
6,rhyme,kip,dip,ist,ctrl,51,-0.010861
6,rhyme,kip,dip,ist,targ,52,0.418119
6,rhyme,kip,dip,ist,comp,52,-0.010907
6,rhyme,kip,dip,ist,ctrl,52,-0.010907
6,rhyme,kip,dip,ist,targ,53,0.428097
6,rhyme,kip,dip,ist,comp,53,-0.010938
6,rhyme,kip,dip,ist,ctrl,53,-0.010938
6,rhyme,kip,dip,ist,targ,54,0.437677
6,rhyme,kip,dip,ist,comp,54,-0.010954
6,rhyme,kip,dip,ist,ctrl,54,-0.010954
6,rhyme,kip,dip,ist,targ,55,0.446887
6,rhyme,kip,dip,ist,comp,55,-0.010958
6,rhyme,kip,dip,ist,ctrl,55,-0.010958
6,rhyme,kip,dip,ist,targ,56,0.455705
6,rhyme,kip,dip,ist,comp,56,-0.010949
6,rhyme,kip,dip,ist,ctrl,56,-0.010949
6,rhyme,kip,dip,ist,targ,57,0.464094
6,rhyme,kip,dip,ist,comp,57,-0.010930
6,rhyme,kip,dip,ist,ctrl,57,-0.010930
6,rhyme,kip,dip,ist,targ,58,0.472017
6,rhyme,kip,dip,ist,comp,58,-0.010902
6,rhyme,kip,dip,ist,ctrl,58,-0.010902
6,rhyme,kip,dip,ist,targ,59,0.479440
6,rhyme,kip,dip,ist,comp,59,-0.010867
6,rhyme,kip,dip,ist,ctrl,59,-0.010867
6,rhyme,kip,dip,ist,targ,60,0.486336
6,rhyme,kip,dip,ist,comp,60,-0.010828
6,rhyme,kip,dip,ist,ctrl,60,-0.010828
6,rhyme,kip,dip,ist,targ,61,0.492654
6,rhyme,kip,dip,ist,comp,61,-0.010787
6,rhyme,kip,dip,ist,ctrl,61,-0.010787
6,rhyme,kip,dip,ist,targ,62,0.498374
6,rhyme,kip,dip,ist,comp,62,-0.010747
6,rhyme,kip,dip,ist,ctrl,62,-0.010747
6,rhyme,kip,dip,ist,targ,63,0.503511
6,rhyme,kip,dip,ist,comp,63,-0.010710
6,rhyme,kip,dip,ist,ctrl,63,-0.010710
6,rhyme,kip,dip,ist,targ,64,0.508094
6,rhyme,kip,dip,ist,comp,64,-0.010675
6,rhyme,kip,dip,ist,ctrl,64,-0.010675
6,rhyme,kip,dip,ist,targ,65,0.512157
6,rhyme,kip,dip,ist,comp,65,-0.010641
6,rhyme,kip,dip,ist,ctrl,65,-0.010641
6,rhyme,kip,dip,ist,targ,66,0.515740
6,rhyme,kip,dip,ist,comp,66,-0.010609
6,rhyme,kip,dip,ist,ctrl,66,-0.010609
6,rhyme,kip,dip,ist,targ,67,0.518889
6,rhyme,kip,dip,ist,comp,67,-0.010578
6,rhyme,kip,dip,ist,ctrl,67,-0.010578
6,rhyme,kip,dip,ist,targ,68,0.521645
6,rhyme,kip,dip,ist,comp,68,-0.010549
6,rhyme,kip,dip,ist,ctrl,68,-0.010549
6,rhyme,kip,dip,ist,targ,69,0.524047
6,rhyme,kip,dip,ist,comp,69,-0.010522
6,rhyme,kip,dip,ist,ctrl,69,-0.010522
6,rhyme,kip,dip,ist,targ,70,0.526131
6,rhyme,kip,dip,ist,comp,70,-0.010496
6,rhyme,kip,dip,ist,ctrl,70,-0.010496
6,rhyme,kip,dip,ist,targ,71,0.527928
6,rhyme,kip,dip,ist,comp,71,-0.010471
6,rhyme,kip,dip,ist,ctrl,71,-0.010471
6,rhyme,kip,dip,ist,targ,72,0.529469
6,rhyme,kip,dip,ist,comp,72,-0.010447
6,rhyme,kip,dip,ist,ctrl,72,-0.010447
6,rhyme,kip,dip,ist,targ,73,0.530786
6,rhyme,kip,dip,ist,comp,73,-0.010425
6,rhyme,kip,dip,ist,ctrl,73,-0.010425
6,rhyme,kip,dip,ist,targ,74,0.531910
6,rhyme,kip,dip,ist,comp,74,-0.010404
6,rhyme,kip,dip,ist,ctrl,74,-0.010404
6,rhyme,kip,dip,ist,targ,75,0.532867
6,rhyme,kip,dip,ist,comp,75,-0.010384
6,rhyme,kip,dip,ist,ctrl,75,-0.010384
6,rhyme,kip,dip,ist,targ,76,0.533679
6,rhyme,kip,dip,ist,comp,76,-0.010364
6,rhyme,kip,dip,ist,ctrl,76,-0.010364
6,rhyme,kip,dip,ist,targ,77,0.534372
6,rhyme,kip,dip,ist,comp,77,-0.010346
6,rhyme,kip,dip,ist,ctrl,77,-0.010346
6,rhyme,kip,dip,ist,targ,78,0.534968
6,rhyme,kip,dip,ist,comp,78,-0.010329
6,rhyme,kip,dip,ist,ctrl,78,-0.010329
6,rhyme,kip,dip,ist,targ,79,0.535486
6,rhyme,kip,dip,ist,comp,79,-0.010313
6,rhyme,kip,dip,ist,ctrl,79,-0.010313
6,rhyme,kip,dip,ist,targ,80,0.535938
6,rhyme,kip,dip,ist,comp,80,-0.010297
6,rhyme,kip,dip,ist,ctrl,80,-0.010297
6,rhyme,kip,dip,ist,targ,81,0.536337
6,rhyme,kip,dip,ist,comp,81,-0.010282
6,rhyme,kip,dip,ist,ctrl,81,-0.010282
6,rhyme,kip,dip,ist,targ,82,0.536692
6,rhyme,kip,dip,ist,comp,82,-0.010268
6,rhyme,kip,dip,ist,ctrl,82,-0.010268
6,rhyme,kip,dip,ist,targ,83,0.537014
6,rhyme,kip,dip,ist,comp,83,-0.010255
6,rhyme,kip,dip,ist,ctrl,83,-0.010255
6,rhyme,kip,dip,ist,targ,84,0.537371
6,rhyme,kip,dip,ist,comp,84,-0.010242
6,rhyme,kip,dip,ist,ctrl,84,-0.010242
6,rhyme,kip,dip,ist,targ,85,0.537772
6,rhyme,kip,dip,ist,comp,85,-0.010230
6,rhyme,kip,dip,ist,ctrl,85,-0.010230
6,rhyme,kip,dip,ist,targ,86,0.538207
6,rhyme,kip,dip,ist,comp,86,-0.010218
6,rhyme,kip,dip,ist,ctrl,86,-0.010218
6,rhyme,kip,dip,ist,targ,87,0.538664
6,rhyme,kip,dip,ist,comp,87,-0.010207
6,rhyme,kip,dip,ist,ctrl,87,-0.010207
6,rhyme,kip,dip,ist,targ,88,0.539137
6,rhyme,kip,dip,ist,comp,88,-0.010197
6,rhyme,kip,dip,ist,ctrl,88,-0.010197
6,rhyme,kip,dip,ist,targ,89,0.539619
6,rhyme,kip,dip,ist,comp,89,-0.010187
6,rhyme,kip,dip,ist,ctrl,89,-0.010187
6,rhyme,kip,dip,ist,targ,90,0.540105
6,rhyme,kip,dip,ist,comp,90,-0.010178
6,rhyme,kip,dip,ist,ctrl,90,-0.010178
7,rhyme,list,bist,skar,targ,1,-0.010000
7,rhyme,list,bist,skar,comp,1,-0.010000
7,rhyme,list,bist,skar,ctrl,1,-0.010000
7,rhyme,list,bist,skar,targ,2,-0.010000
7,rhyme,list,bist,skar,comp,2,-0.010000
7,rhyme,list,bist,skar,ctrl,2,-0.010000
7,rhyme,list,bist,skar,targ,3,-0.010000
7,rhyme,list,bist,skar,comp,3,-0.010000
7,rhyme,list,bist,skar,ctrl,3,-0.010000
7,rhyme,list,bist,skar,targ,4,-0.010000
7,rhyme,list,bist,skar,comp,4,-0.010000
7,rhyme,list,bist,skar,ctrl,4,-0.010000
7,rhyme,list,bist,skar,targ,5,-0.010000
7,rhyme,list,bist,skar,comp,5,-0.010000
7,rhyme,list,bist,skar,ctrl,5,-0.010000
7,rhyme,list,bist,skar,targ,6,-0.010000
7,rhyme,list,bist,skar,comp,6,-0.010000
7,rhyme,list,bist,skar,ctrl,6,-0.010000
7,rhyme,list,bist,skar,targ,7,-0.010000
7,rhyme,list,bist,skar,comp,7,-0.010000
7,rhyme,list,bist,skar,ctrl,7,-0.010000
7,rhyme,list,bist,skar,targ,8,-0.010000
7,rhyme,list,bist,skar,comp,8,-0.010000
7,rhyme,list,bist,skar,ctrl,8,-0.010000
7,rhyme,list,bist,skar,targ,9,-0.010000
7,rhyme,list,bist,skar,comp,9,-0.010000
7,rhyme,list,bist,skar,ctrl,9,-0.010000
7,rhyme,list,bist,skar,targ,10,-0.010000
7,rhyme,list,bist,skar,comp,10,-0.010000
7,rhyme,list,bist,skar,ctrl,10,-0.010000
7,rhyme,list,bist,skar,targ,11,-0.010000
7,rhyme,list,bist,skar,comp,11,-0.010000
7,rhyme,list,bist,skar,ctrl,11,-0.010000
7,rhyme,list,bist,skar,targ,12,-0.010000
7,rhyme,list,bist,skar,comp,12,-0.010000
7,rhyme,list,bist,skar,ctrl,12,-0.010000
7,rhyme,list,bist,skar,targ,13,-0.010000
7,rhyme,list,bist,skar,comp,13,-0.010000
7,rhyme,list,bist,skar,ctrl,13,-0.010000
7,rhyme,list,bist,skar,targ,14,-0.010000
7,rhyme,list,bist,skar,comp,14,-0.010000
7,rhyme,list,bist,skar,ctrl,14,-0.010000
7,rhyme,list,bist,skar,targ,15,-0.010000
7,rhyme,list,bist,skar,comp,15,-0.010000
7,rhyme,list,bist,skar,ctrl,15,-0.010000
7,rhyme,list,bist,skar,targ,16,-0.010000
7,rhyme,list,bist,skar,comp,16,-0.010000
7,rhyme,list,bist,skar,ctrl,16,-0.010000
7,rhyme,list,bist,skar,targ,17,-0.010000
7,rhyme,list,bist,skar,comp,17,-0.010000
7,rhyme,list,bist,skar,ctrl,17,-0.010000
7,rhyme,list,bist,skar,targ,18,-0.010000
7,rhyme,list,bist,skar,comp,18,-0.010000
7,rhyme,list,bist,skar,ctrl,18,-0.010000
7,rhyme,list,bist,skar,targ,19,-0.010000
7,rhyme,list,bist,skar,comp,19,-0.010000
7,rhyme,list,bist,skar,ctrl,19,-0.010000
7,rhyme,list,bist,skar,targ,20,-0.010000
7,rhyme,list,bist,skar,comp,20,-0.010000
7,rhyme,list,bist,skar,ctrl,20,-0.010000
7,rhyme,list,bist,skar,targ,21,-0.009090
7,rhyme,list,bist,skar,comp,21,-0.010000
7,rhyme,list,bist,skar,ctrl,21,-0.010000
7,rhyme,list,bist,skar,targ,22,-0.005453
7,rhyme,list,bist,skar,comp,22,-0.010000
7,rhyme,list,bist,skar,ctrl,22,-0.010000
7,rhyme,list,bist,skar,targ,23,0.001732
7,rhyme,list,bist,skar,comp,23,-0.010000
7,rhyme,list,bist,skar,ctrl,23,-0.010000
7,rhyme,list,bist,skar,targ,24,0.012307
7,rhyme,list,bist,skar,comp,24,-0.010000
7,rhyme,list,bist,skar,ctrl,24,-0.010000
7,rhyme,list,bist,skar,targ,25,0.024767
7,rhyme,list,bist,skar,comp,25,-0.010000
7,rhyme,list,bist,skar,ctrl,25,-0.010000
7,rhyme,list,bist,skar,targ,26,0.036295
7,rhyme,list,bist,skar,comp,26,-0.010000
7,rhyme,list,bist,skar,ctrl,26,-0.010000
7,rhyme,list,bist,skar,targ,27,0.046909
7,rhyme,list,bist,skar,comp,27,-0.010000
7,rhyme,list,bist,skar,ctrl,27,-0.010000
7,rhyme,list,bist,skar,targ,28,0.057135
7,rhyme,list,bist,skar,comp,28,-0.010000
7,rhyme,list,bist,skar,ctrl,28,-0.010000
7,rhyme,list,bist,skar,targ,29,0.067587
7,rhyme,list,bist,skar,comp,29,-0.010000
7,rhyme,list,bist,skar,ctrl,29,-0.010000
7,rhyme,list,bist,skar,targ,30,0.078082
7,rhyme,list,bist,skar,comp,30,-0.010000
7,rhyme,list,bist,skar,ctrl,30,-0.010000
7,rhyme,list,bist,skar,targ,31,0.088110
7,rhyme,list,bist,skar,comp,31,-0.010000
7,rhyme,list,bist,skar,ctrl,31,-0.010000
7,rhyme,list,bist,skar,targ,32,0.097672
7,rhyme,list,bist,skar,comp,32,-0.010000
7,rhyme,list,bist,skar,ctrl,32,-0.010000
7,rhyme,list,bist,skar,targ,33,0.108952
7,rhyme,list,bist,skar,comp,33,-0.010000
7,rhyme,list,bist,skar,ctrl,33,-0.010000
7,rhyme,list,bist,skar,targ,34,0.122449
7,rhyme,list,bist,skar,comp,34,-0.010000
7,rhyme,list,bist,skar,ctrl,34,-0.010000
7,rhyme,list,bist,skar,targ,35,0.138597
7,rhyme,list,bist,skar,comp,35,-0.010000
7,rhyme,list,bist,skar,ctrl,35,-0.010000
7,rhyme,list,bist,skar,targ,36,0.157110
7,rhyme,list,bist,skar,comp,36,-0.010000
7,rhyme,list,bist,skar,ctrl,36,-0.010000
7,rhyme,list,bist,skar,targ,37,0.177552
7,rhyme,list,bist,skar,comp,37,-0.010000
7,rhyme,list,bist,skar,ctrl,37,-0.010000
7,rhyme,list,bist,skar,targ,38,0.200258
7,rhyme,list,bist,skar,comp,38,-0.010000
7,rhyme,list,bist,skar,ctrl,38,-0.010000
7,rhyme,list,bist,skar,targ,39,0.225271
7,rhyme,list,bist,skar,comp,39,-0.010000
7,rhyme,list,bist,skar,ctrl,39,-0.010000
7,rhyme,list,bist,skar,targ,40,0.251985
7,rhyme,list,bist,skar,comp,40,-0.010000
7,rhyme,list,bist,skar,ctrl,40,-0.010000
7,rhyme,list,bist,skar,targ,41,0.279826
7,rhyme,list,bist,skar,comp,41,-0.010000
7,rhyme,list,bist,skar,ctrl,41,-0.010000
7,rhyme,list,bist,skar,targ,42,0.307937
7,rhyme,list,bist,skar,comp,42,-0.010000
7,rhyme,list,bist,skar,ctrl,42,-0.010000
7,rhyme,list,bist,skar,targ,43,0.335564
7,rhyme,list,bist,skar,comp,43,-0.005079
7,rhyme,list,bist,skar,ctrl,43,-0.010003
7,rhyme,list,bist,skar,targ,44,0.362130
7,rhyme,list,bist,skar,comp,44,-0.001263
7,rhyme,list,bist,skar,ctrl,44,-0.010023
7,rhyme,list,bist,skar,targ,45,0.387419
7,rhyme,list,bist,skar,comp,45,0.000474
7,rhyme,list,bist,skar,ctrl,45,-0.010067
7,rhyme,list,bist,skar,targ,46,0.411537
7,rhyme,list,bist,skar,comp,46,0.000370
7,rhyme,list,bist,skar,ctrl,46,-0.010135
7,rhyme,list,bist,skar,targ,47,0.434529
7,rhyme,list,bist,skar,comp,47,-0.000532
7,rhyme,list,bist,skar,ctrl,47,-0.010215
7,rhyme,list,bist,skar,targ,48,0.456296
7,rhyme,list,bist,skar,comp,48,-0.001944
7,rhyme,list,bist,skar,ctrl,48,-0.010298
7,rhyme,list,bist,skar,targ,49,0.476728
7,rhyme,list,bist,skar,comp,49,-0.003892
7,rhyme,list,bist,skar,ctrl,49,-0.010376
7,rhyme,list,bist,skar,targ,50,0.495712
7,rhyme,list,bist,skar,comp,50,-0.006404
7,rhyme,list,bist,skar,ctrl,50,-0.010445
7,rhyme,list,bist,skar,targ,51,0.513210
7,rhyme,list,bist,skar,comp,51,-0.009462
7,rhyme,list,bist,skar,ctrl,51,-0.010503
7,rhyme,list,bist,skar,targ,52,0.529277
7,rhyme,list,bist,skar,comp,52,-0.010551
7,rhyme,list,bist,skar,ctrl,52,-0.010551
7,rhyme,list,bist,skar,targ,53,0.543912
7,rhyme,list,bist,skar,comp,53,-0.010587
7,rhyme,list,bist,skar,ctrl,53,-0.010587
7,rhyme,list,bist,skar,targ,54,0.557108
7,rhyme,list,bist,skar,comp,54,-0.010612
7,rhyme,list,bist,skar,ctrl,54,-0.010612
7,rhyme,list,bist,skar,targ,55,0.568888
7,rhyme,list,bist,skar,comp,55,-0.010628
7,rhyme,list,bist,skar,ctrl,55,-0.010628
7,rhyme,list,bist,skar,targ,56,0.579305
7,rhyme,list,bist,skar,comp,56,-0.010635
7,rhyme,list,bist,skar,ctrl,56,-0.010635
7,rhyme,list,bist,skar,targ,57,0.588441
7,rhyme,list,bist,skar,comp,57,-0.010633
7,rhyme,list,bist,skar,ctrl,57,-0.010633
7,rhyme,list,bist,skar,targ,58,0.596400
7,rhyme,list,bist,skar,comp,58,-0.010623
7,rhyme,list,bist,skar,ctrl,58,-0.010623
7,rhyme,list,bist,skar,targ,59,0.603317
7,rhyme,list,bist,skar,comp,59,-0.010606
7,rhyme,list,bist,skar,ctrl,59,-0.010606
7,rhyme,list,bist,skar,targ,60,0.609325
7,rhyme,list,bist,skar,comp,60,-0.010583
7,rhyme,list,bist,skar,ctrl,60,-0.010583
7,rhyme,list,bist,skar,targ,61,0.614578
7,rhyme,list,bist,skar,comp,61,-0.010557
7,rhyme,list,bist,skar,ctrl,61,-0.010557
7,rhyme,list,bist,skar,targ,62,0.619183
7,rhyme,list,bist,skar,comp,62,-0.010529
7,rhyme,list,bist,skar,ctrl,62,-0.010529
7,rhyme,list,bist,skar,targ,63,0.623207
7,rhyme,list,bist,skar,comp,63,-0.010503
7,rhyme,list,bist,skar,ctrl,63,-0.010503
7,rhyme,list,bist,skar,targ,64,0.626727
7,rhyme,list,bist,skar,comp,64,-0.010478
7,rhyme,list,bist,skar,ctrl,64,-0.010478
7,rhyme,list,bist,skar,targ,65,0.629832
7,rhyme,list,bist,skar,comp,65,-0.010454
7,rhyme,list,bist,skar,ctrl,65,-0.010454
7,rhyme,list,bist,skar,targ,66,0.632600
7,rhyme,list,bist,skar,comp,66,-0.010431
7,rhyme,list,bist,skar,ctrl,66,-0.010431
7,rhyme,list,bist,skar,targ,67,0.635091
7,rhyme,list,bist,skar,comp,67,-0.010410
7,rhyme,list,bist,skar,ctrl,67,-0.010410
7,rhyme,list,bist,skar,targ,68,0.637347
7,rhyme,list,bist,skar,comp,68,-0.010389
7,rhyme,list,bist,skar,ctrl,68,-0.010389
7,rhyme,list,bist,skar,targ,69,0.639403
7,rhyme,list,bist,skar,comp,69,-0.010370
7,rhyme,list,bist,skar,ctrl,69,-0.010370
7,rhyme,list,bist,skar,targ,70,0.641287
7,rhyme,list,bist,skar,comp,70,-0.010351
7,rhyme,list,bist,skar,ctrl,70,-0.010351
7,rhyme,list,bist,skar,targ,71,0.643024
7,rhyme,list,bist,skar,comp,71,-0.010334
7,rhyme,list,bist,skar,ctrl,71,-0.010334
7,rhyme,list,bist,skar,targ,72,0.644630
7,rhyme,list,bist,skar,comp,72,-0.010317
7,rhyme,list,bist,skar,ctrl,72,-0.010317
7,rhyme,list,bist,skar,targ,73,0.646121
7,rhyme,list,bist,skar,comp,73,-0.010301
7,rhyme,list,bist,skar,ctrl,73,-0.010301
7,rhyme,list,bist,skar,targ,74,0.647509
7,rhyme,list,bist,skar,comp,74,-0.010286
7,rhyme,list,bist,skar,ctrl,74,-0.010286
7,rhyme,list,bist,skar,targ,75,0.648805
7,rhyme,list,bist,skar,comp,75,-0.010272
7,rhyme,list,bist,skar,ctrl,75,-0.010272
7,rhyme,list,bist,skar,targ,76,0.650019
7,rhyme,list,bist,skar,comp,76,-0.010258
7,rhyme,list,bist,skar,ctrl,76,-0.010258
7,rhyme,list,bist,skar,targ,77,0.651156
7,rhyme,list,bist,skar,comp,77,-0.010245
7,rhyme,list,bist,skar,ctrl,77,-0.010245
7,rhyme,list,bist,skar,targ,78,0.652223
7,rhyme,list,bist,skar,comp,78,-0.010233
7,rhyme,list,bist,skar,ctrl,78,-0.010233
7,rhyme,list,bist,skar,targ,79,0.653226
7,rhyme,list,bist,skar,comp,79,-0.010221
7,rhyme,list,bist,skar,ctrl,79,-0.010221
7,rhyme,list,bist,skar,targ,80,0.654169
7,rhyme,list,bist,skar,comp,80,-0.010210
7,rhyme,list,bist,skar,ctrl,80,-0.010210
7,rhyme,list,bist,skar,targ,81,0.655059
7,rhyme,list,bist,skar,comp,81,-0.010200
7,rhyme,list,bist,skar,ctrl,81,-0.010200
7,rhyme,list,bist,skar,targ,82,0.655899
7,rhyme,list,bist,skar,comp,82,-0.010190
7,rhyme,list,bist,skar,ctrl,82,-0.010190
7,rhyme,list,bist,skar,targ,83,0.656696
7,rhyme,list,bist,skar,comp,83,-0.010180
7,rhyme,list,bist,skar,ctrl,83,-0.010180
7,rhyme,list,bist,skar,targ,84,0.657453
7,rhyme,list,bist,skar,comp,84,-0.010171
7,rhyme,list,bist,skar,ctrl,84,-0.010171
7,rhyme,list,bist,skar,targ,85,0.658176
7,rhyme,list,bist,skar,comp,85,-0.010163
7,rhyme,list,bist,skar,ctrl,85,-0.010163
7,rhyme,list,bist,skar,targ,86,0.658868
7,rhyme,list,bist,skar,comp,86,-0.010155
7,rhyme,list,bist,skar,ctrl,86,-0.010155
7,rhyme,list,bist,skar,targ,87,0.659531
7,rhyme,list,bist,skar,comp,87,-0.010147
7,rhyme,list,bist,skar,ctrl,87,-0.010147
7,rhyme,list,bist,skar,targ,88,0.660165
7,rhyme,list,bist,skar,comp,88,-0.010140
7,rhyme,list,bist,skar,ctrl,88,-0.010140
7,rhyme,list,bist,skar,targ,89,0.660773
7,rhyme,list,bist,skar,comp,89,-0.010133
7,rhyme,list,bist,skar,ctrl,89,-0.010133
7,rhyme,list,bist,skar,targ,90,0.661354
7,rhyme,list,bist,skar,comp,90,-0.010126
7,rhyme,list,bist,skar,ctrl,90,-0.010126
8,cohort,pip^l,pik,ist,targ,1,-0.010000
8,cohort,pip^l,pik,ist,comp,1,-0.010000
8,cohort,pip^l,pik,ist,ctrl,1,-0.010000
8,cohort,pip^l,pik,ist,targ,2,-0.010000
8,cohort,pip^l,pik,ist,comp,2,-0.010000
8,cohort,pip^l,pik,ist,ctrl,2,-0.010000
8,cohort,pip^l,pik,ist,targ,3,-0.010000
8,cohort,pip^l,pik,ist,comp,3,-0.010000
8,cohort,pip^l,pik,ist,ctrl,3,-0.010000
8,cohort,pip^l,pik,ist,targ,4,-0.010000
8,cohort,pip^l,pik,ist,comp,4,-0.010000
8,cohort,pip^l,pik,ist,ctrl,4,-0.010000
8,cohort,pip^l,pik,ist,targ,5,-0.010000
8,cohort,pip^l,pik,ist,comp,5,-0.010000
8,cohort,pip^l,pik,ist,ctrl,5,-0.010000
8,cohort,pip^l,pik,ist,targ,6,-0.010000
8,cohort,pip^l,pik,ist,comp,6,-0.010000
8,cohort,pip^l,pik,ist,ctrl,6,-0.010000
8,cohort,pip^l,pik,ist,targ,7,-0.010000
8,cohort,pip^l,pik,ist,comp,7,-0.010000
8,cohort,pip^l,pik,ist,ctrl,7,-0.010000
8,cohort,pip^l,pik,ist,targ,8,-0.010000
8,cohort,pip^l,pik,ist,comp,8,-0.010000
8,cohort,pip^l,pik,ist,ctrl,8,-0.010000
8,cohort,pip^l,pik,ist,targ,9,-0.010000
8,cohort,pip^l,pik,ist,comp,9,-0.010000
8,cohort,pip^l,pik,ist,ctrl,9,-0.010000
8,cohort,pip^l,pik,ist,targ,10,-0.010000
8,cohort,pip^l,pik,ist,comp,10,-0.010000
8,cohort,pip^l,pik,ist,ctrl,10,-0.010000
8,cohort,pip^l,pik,ist,targ,11,-0.010000
8,cohort,pip^l,pik,ist,comp,11,-0.010000
8,cohort,pip^l,pik,ist,ctrl,11,-0.010000
8,cohort,pip^l,pik,ist,targ,12,-0.010000
8,cohort,pip^l,pik,ist,comp,12,-0.010000
8,cohort,pip^l,pik,ist,ctrl,12,-0.010000
8,cohort,pip^l,pik,ist,targ,13,-0.010000
8,cohort,pip^l,pik,ist,comp,13,-0.010000
8,cohort,pip^l,pik,ist,ctrl,13,-0.010000
8,cohort,pip^l,pik,ist,targ,14,-0.010000
8,cohort,pip^l,pik,ist,comp,14,-0.010000
8,cohort,pip^l,pik,ist,ctrl,14,-0.010000
8,cohort,pip^l,pik,ist,targ,15,-0.010000
8,cohort,pip^l,pik,ist,comp,15,-0.010000
8,cohort,pip^l,pik,ist,ctrl,15,-0.010000
8,cohort,pip^l,pik,ist,targ,16,-0.010000
8,cohort,pip^l,pik,ist,comp,16,-0.010000
8,cohort,pip^l,pik,ist,ctrl,16,-0.010000
8,cohort,pip^l,pik,ist,targ,17,-0.010000
8,cohort,pip^l,pik,ist,comp,17,-0.010000
8,cohort,pip^l,pik,ist,ctrl,17,-0.010000
8,cohort,pip^l,pik,ist,targ,18,-0.010000
8,cohort,pip^l,pik,ist,comp,18,-0.010000
8,cohort,pip^l,pik,ist,ctrl,18,-0.010000
8,cohort,pip^l,pik,ist,targ,19,-0.010000
8,cohort,pip^l,pik,ist,comp,19,-0.010000
8,cohort,pip^l,pik,ist,ctrl,19,-0.010000
8,cohort,pip^l,pik,ist,targ,20,-0.010000
8,cohort,pip^l,pik,ist,comp,20,-0.010000
8,cohort,pip^l,pik,ist,ctrl,20,-0.010000
8,cohort,pip^l,pik,ist,targ,21,-0.008341
8,cohort,pip^l,pik,ist,comp,21,-0.008341
8,cohort,pip^l,pik,ist,ctrl,21,-0.010000
8,cohort,pip^l,pik,ist,targ,22,-0.003413
8,cohort,pip^l,pik,ist,comp,22,-0.003413
8,cohort,pip^l,pik,ist,ctrl,22,-0.010000
8,cohort,pip^l,pik,ist,targ,23,0.005703
8,cohort,pip^l,pik,ist,comp,23,0.005703
8,cohort,pip^l,pik,ist,ctrl,23,-0.010000
8,cohort,pip^l,pik,ist,targ,24,0.017425
8,cohort,pip^l,pik,ist,comp,24,0.017506
8,cohort,pip^l,pik,ist,ctrl,24,-0.010001
8,cohort,pip^l,pik,ist,targ,25,0.027989
8,cohort,pip^l,pik,ist,comp,25,0.029080
8,cohort,pip^l,pik,ist,ctrl,25,-0.010009
8,cohort,pip^l,pik,ist,targ,26,0.034122
8,cohort,pip^l,pik,ist,comp,26,0.037999
8,cohort,pip^l,pik,ist,ctrl,26,-0.010029
8,cohort,pip^l,pik,ist,targ,27,0.037957
8,cohort,pip^l,pik,ist,comp,27,0.045836
8,cohort,pip^l,pik,ist,ctrl,27,-0.010058
8,cohort,pip^l,pik,ist,targ,28,0.042857
8,cohort,pip^l,pik,ist,comp,28,0.055309
8,cohort,pip^l,pik,ist,ctrl,28,-0.010088
8,cohort,pip^l,pik,ist,targ,29,0.049360
8,cohort,pip^l,pik,ist,comp,29,0.066865
8,cohort,pip^l,pik,ist,ctrl,29,-0.010117
8,cohort,pip^l,pik,ist,targ,30,0.055989
8,cohort,pip^l,pik,ist,comp,30,0.079066
8,cohort,pip^l,pik,ist,ctrl,30,-0.010141
8,cohort,pip^l,pik,ist,targ,31,0.062212
8,cohort,pip^l,pik,ist,comp,31,0.091130
8,cohort,pip^l,pik,ist,ctrl,31,-0.010160
8,cohort,pip^l,pik,ist,targ,32,0.068060
8,cohort,pip^l,pik,ist,comp,32,0.102832
8,cohort,pip^l,pik,ist,ctrl,32,-0.010171
8,cohort,pip^l,pik,ist,targ,33,0.075523
8,cohort,pip^l,pik,ist,comp,33,0.113991
8,cohort,pip^l,pik,ist,ctrl,33,-0.010177
8,cohort,pip^l,pik,ist,targ,34,0.085659
8,cohort,pip^l,pik,ist,comp,34,0.125280
8,cohort,pip^l,pik,ist,ctrl,34,-0.010177
8,cohort,pip^l,pik,ist,targ,35,0.098367
8,cohort,pip^l,pik,ist,comp,35,0.136388
8,cohort,pip^l,pik,ist,ctrl,35,-0.010173
8,cohort,pip^l,pik,ist,targ,36,0.112986
8,cohort,pip^l,pik,ist,comp,36,0.146627
8,cohort,pip^l,pik,ist,ctrl,36,-0.010166
8,cohort,pip^l,pik,ist,targ,37,0.128387
8,cohort,pip^l,pik,ist,comp,37,0.155297
8,cohort,pip^l,pik,ist,ctrl,37,-0.010158
8,cohort,pip^l,pik,ist,targ,38,0.144367
8,cohort,pip^l,pik,ist,comp,38,0.162100
8,cohort,pip^l,pik,ist,ctrl,38,-0.010150
8,cohort,pip^l,pik,ist,targ,39,0.162176
8,cohort,pip^l,pik,ist,comp,39,0.166989
8,cohort,pip^l,pik,ist,ctrl,39,-0.010143
8,cohort,pip^l,pik,ist,targ,40,0.181994
8,cohort,pip^l,pik,ist,comp,40,0.169833
8,cohort,pip^l,pik,ist,ctrl,40,-0.010135
8,cohort,pip^l,pik,ist,targ,41,0.203471
8,cohort,pip^l,pik,ist,comp,41,0.170475
8,cohort,pip^l,pik,ist,ctrl,41,-0.010129
8,cohort,pip^l,pik,ist,targ,42,0.225891
8,cohort,pip^l,pik,ist,comp,42,0.168698
8,cohort,pip^l,pik,ist,ctrl,42,-0.010122
8,cohort,pip^l,pik,ist,targ,43,0.248823
8,cohort,pip^l,pik,ist,comp,43,0.164403
8,cohort,pip^l,pik,ist,ctrl,43,-0.010116
8,cohort,pip^l,pik,ist,targ,44,0.272114
8,cohort,pip^l,pik,ist,comp,44,0.157684
8,cohort,pip^l,pik,ist,ctrl,44,-0.010110
8,cohort,pip^l,pik,ist,targ,45,0.295534
8,cohort,pip^l,pik,ist,comp,45,0.148903
8,cohort,pip^l,pik,ist,ctrl,45,-0.010105
8,cohort,pip^l,pik,ist,targ,46,0.319428
8,cohort,pip^l,pik,ist,comp,46,0.139056
8,cohort,pip^l,pik,ist,ctrl,46,-0.010101
8,cohort,pip^l,pik,ist,targ,47,0.342983
8,cohort,pip^l,pik,ist,comp,47,0.128297
8,cohort,pip^l,pik,ist,ctrl,47,-0.010101
8,cohort,pip^l,pik,ist,targ,48,0.365681
8,cohort,pip^l,pik,ist,comp,48,0.116783
8,cohort,pip^l,pik,ist,ctrl,48,-0.010105
8,cohort,pip^l,pik,ist,targ,49,0.389161
8,cohort,pip^l,pik,ist,comp,49,0.104655
8,cohort,pip^l,pik,ist,ctrl,49,-0.010108
8,cohort,pip^l,pik,ist,targ,50,0.412465
8,cohort,pip^l,pik,ist,comp,50,0.092085
8,cohort,pip^l,pik,ist,ctrl,50,-0.010108
8,cohort,pip^l,pik,ist,targ,51,0.434611
8,cohort,pip^l,pik,ist,comp,51,0.079266
8,cohort,pip^l,pik,ist,ctrl,51,-0.010105
8,cohort,pip^l,pik,ist,targ,52,0.455505
8,cohort,pip^l,pik,ist,comp,52,0.066343
8,cohort,pip^l,pik,ist,ctrl,52,-0.010101
8,cohort,pip^l,pik,ist,targ,53,0.475042
8,cohort,pip^l,pik,ist,comp,53,0.053417
8,cohort,pip^l,pik,ist,ctrl,53,-0.010096
8,cohort,pip^l,pik,ist,targ,54,0.493195
8,cohort,pip^l,pik,ist,comp,54,0.040587
8,cohort,pip^l,pik,ist,ctrl,54,-0.010091
8,cohort,pip^l,pik,ist,targ,55,0.509957
8,cohort,pip^l,pik,ist,comp,55,0.027933
8,cohort,pip^l,pik,ist,ctrl,55,-0.010086
8,cohort,pip^l,pik,ist,targ,56,0.525349
8,cohort,pip^l,pik,ist,comp,56,0.015530
8,cohort,pip^l,pik,ist,ctrl,56,-0.010082
8,cohort,pip^l,pik,ist,targ,57,0.539428
8,cohort,pip^l,pik,ist,comp,57,0.003455
8,cohort,pip^l,pik,ist,ctrl,57,-0.010078
8,cohort,pip^l,pik,ist,targ,58,0.552225
8,cohort,pip^l,pik,ist,comp,58,-0.008240
8,cohort,pip^l,pik,ist,ctrl,58,-0.010074
8,cohort,pip^l,pik,ist,targ,59,0.563760
8,cohort,pip^l,pik,ist,comp,59,-0.010070
8,cohort,pip^l,pik,ist,ctrl,59,-0.010070
8,cohort,pip^l,pik,ist,targ,60,0.574111
8,cohort,pip^l,pik,ist,comp,60,-0.010067
8,cohort,pip^l,pik,ist,ctrl,60,-0.010067
8,cohort,pip^l,pik,ist,targ,61,0.583358
8,cohort,pip^l,pik,ist,comp,61,-0.010064
8,cohort,pip^l,pik,ist,ctrl,61,-0.010064
8,cohort,pip^l,pik,ist,targ,62,0.591582
8,cohort,pip^l,pik,ist,comp,62,-0.010060
8,cohort,pip^l,pik,ist,ctrl,62,-0.010060
8,cohort,pip^l,pik,ist,targ,63,0.598902
8,cohort,pip^l,pik,ist,comp,63,-0.010057
8,cohort,pip^l,pik,ist,ctrl,63,-0.010057
8,cohort,pip^l,pik,ist,targ,64,0.605430
8,cohort,pip^l,pik,ist,comp,64,-0.010055
8,cohort,pip^l,pik,ist,ctrl,64,-0.010055
8,cohort,pip^l,pik,ist,targ,65,0.611286
8,cohort,pip^l,pik,ist,comp,65,-0.010055
8,cohort,pip^l,pik,ist,ctrl,65,-0.010055
8,cohort,pip^l,pik,ist,targ,66,0.616574
8,cohort,pip^l,pik,ist,comp,66,-0.010057
8,cohort,pip^l,pik,ist,ctrl,66,-0.010057
8,cohort,pip^l,pik,ist,targ,67,0.621380
8,cohort,pip^l,pik,ist,comp,67,-0.010064
8,cohort,pip^l,pik,ist,ctrl,67,-0.010064
8,cohort,pip^l,pik,ist,targ,68,0.625768
8,cohort,pip^l,pik,ist,comp,68,-0.010078
8,cohort,pip^l,pik,ist,ctrl,68,-0.010078
8,cohort,pip^l,pik,ist,targ,69,0.629793
8,cohort,pip^l,pik,ist,comp,69,-0.010098
8,cohort,pip^l,pik,ist,ctrl,69,-0.010098
8,cohort,pip^l,pik,ist,targ,70,0.633503
8,cohort,pip^l,pik,ist,comp,70,-0.010128
8,cohort,pip^l,pik,ist,ctrl,70,-0.010128
8,cohort,pip^l,pik,ist,targ,71,0.636948
8,cohort,pip^l,pik,ist,comp,71,-0.010167
8,cohort,pip^l,pik,ist,ctrl,71,-0.010167
8,cohort,pip^l,pik,ist,targ,72,0.640173
8,cohort,pip^l,pik,ist,comp,72,-0.010216
8,cohort,pip^l,pik,ist,ctrl,72,-0.010216
8,cohort,pip^l,pik,ist,targ,73,0.643222
8,cohort,pip^l,pik,ist,comp,73,-0.010276
8,cohort,pip^l,pik,ist,ctrl,73,-0.010276
8,cohort,pip^l,pik,ist,targ,74,0.646131
8,cohort,pip^l,pik,ist,comp,74,-0.010347
8,cohort,pip^l,pik,ist,ctrl,74,-0.010347
8,cohort,pip^l,pik,ist,targ,75,0.648955
8,cohort,pip^l,pik,ist,comp,75,-0.010429
8,cohort,pip^l,pik,ist,ctrl,75,-0.010429
8,cohort,pip^l,pik,ist,targ,76,0.651795
8,cohort,pip^l,pik,ist,comp,76,-0.010522
8,cohort,pip^l,pik,ist,ctrl,76,-0.010522
8,cohort,pip^l,pik,ist,targ,77,0.654661
8,cohort,pip^l,pik,ist,comp,77,-0.010624
8,cohort,pip^l,pik,ist,ctrl,77,-0.010624
8,cohort,pip^l,pik,ist,targ,78,0.657561
8,cohort,pip^l,pik,ist,comp,78,-0.010736
8,cohort,pip^l,pik,ist,ctrl,78,-0.010736
8,cohort,pip^l,pik,ist,targ,79,0.660502
8,cohort,pip^l,pik,ist,comp,79,-0.010856
8,cohort,pip^l,pik,ist,ctrl,79,-0.010856
8,cohort,pip^l,pik,ist,targ,80,0.663491
8,cohort,pip^l,pik,ist,comp,80,-0.010984
8,cohort,pip^l,pik,ist,ctrl,80,-0.010984
8,cohort,pip^l,pik,ist,targ,81,0.666532
8,cohort,pip^l,pik,ist,comp,81,-0.011119
8,cohort,pip^l,pik,ist,ctrl,81,-0.011119
8,cohort,pip^l,pik,ist,targ,82,0.669627
8,cohort,pip^l,pik,ist,comp,82,-0.011260
8,cohort,pip^l,pik,ist,ctrl,82,-0.011260
8,cohort,pip^l,pik,ist,targ,83,0.672776
8,cohort,pip^l,pik,ist,comp,83,-0.011406
8,cohort,pip^l,pik,ist,ctrl,83,-0.011406
8,cohort,pip^l,pik,ist,targ,84,0.675975
8,cohort,pip^l,pik,ist,comp,84,-0.011555
8,cohort,pip^l,pik,ist,ctrl,84,-0.011555
8,cohort,pip^l,pik,ist,targ,85,0.679216
8,cohort,pip^l,pik,ist,comp,85,-0.011707
8,cohort,pip^l,pik,ist,ctrl,85,-0.011707
8,cohort,pip^l,pik,ist,targ,86,0.682487
8,cohort,pip^l,pik,ist,comp,86,-0.011862
8,cohort,pip^l,pik,ist,ctrl,86,-0.011862
8,cohort,pip^l,pik,ist,targ,87,0.685764
8,cohort,pip^l,pik,ist,comp,87,-0.012018
8,cohort,pip^l,pik,ist,ctrl,87,-0.012018
8,cohort,pip^l,pik,ist,targ,88,0.689011
8,cohort,pip^l,pik,ist,comp,88,-0.012174
8,cohort,pip^l,pik,ist,ctrl,88,-0.012174
8,cohort,pip^l,pik,ist,targ,89,0.692202
8,cohort,pip^l,pik,ist,comp,89,-0.012329
8,cohort,pip^l,pik,ist,ctrl,89,-0.012329
8,cohort,pip^l,pik,ist,targ,90,0.695327
8,cohort,pip^l,pik,ist,comp,90,-0.012483
8,cohort,pip^l,pik,ist,ctrl,90,-0.012483
9,cohort,skul,skar,list,targ,1,-0.010000
9,cohort,skul,skar,list,comp,1,-0.010000
9,cohort,skul,skar,list,ctrl,1,-0.010000
9,cohort,skul,skar,list,targ,2,-0.010000
9,cohort,skul,skar,list,comp,2,-0.010000
9,cohort,skul,skar,list,ctrl,2,-0.010000
9,cohort,skul,skar,list,targ,3,-0.010000
9,cohort,skul,skar,list,comp,3,-0.010000
9,cohort,skul,skar,list,ctrl,3,-0.010000
9,cohort,skul,skar,list,targ,4,-0.010000
9,cohort,skul,skar,list,comp,4,-0.010000
9,cohort,skul,skar,list,ctrl,4,-0.010000
9,cohort,skul,skar,list,targ,5,-0.010000
9,cohort,skul,skar,list,comp,5,-0.010000
9,cohort,skul,skar,list,ctrl,5,-0.010000
9,cohort,skul,skar,list,targ,6,-0.010000
9,cohort,skul,skar,list,comp,6,-0.010000
9,cohort,skul,skar,list,ctrl,6,-0.010000
9,cohort,skul,skar,list,targ,7,-0.010000
9,cohort,skul,skar,list,comp,7,-0.010000
9,cohort,skul,skar,list,ctrl,7,-0.010000
9,cohort,skul,skar,list,targ,8,-0.010000
9,cohort,skul,skar,list,comp,8,-0.010000
9,cohort,skul,skar,list,ctrl,8,-0.010000
9,cohort,skul,skar,list,targ,9,-0.010000
9,cohort,skul,skar,list,comp,9,-0.010000
9,cohort,skul,skar,list,ctrl,9,-0.010000
9,cohort,skul,skar,list,targ,10,-0.010000
9,cohort,skul,skar,list,comp,10,-0.010000
9,cohort,skul,skar,list,ctrl,10,-0.010000
9,cohort,skul,skar,list,targ,11,-0.010000
9,cohort,skul,skar,list,comp,11,-0.010000
9,cohort,skul,skar,list,ctrl,11,-0.010000
9,cohort,skul,skar,list,targ,12,-0.010000
9,cohort,skul,skar,list,comp,12,-0.010000
9,cohort,skul,skar,list,ctrl,12,-0.010000
9,cohort,skul,skar,list,targ,13,-0.010000
9,cohort,skul,skar,list,comp,13,-0.010000
9,cohort,skul,skar,list,ctrl,13,-0.010000
9,cohort,skul,skar,list,targ,14,-0.010000
9,cohort,skul,skar,list,comp,14,-0.010000
9,cohort,skul,skar,list,ctrl,14,-0.010000
9,cohort,skul,skar,list,targ,15,-0.010000
9,cohort,skul,skar,list,comp,15,-0.010000
9,cohort,skul,skar,list,ctrl,15,-0.010000
9,cohort,skul,skar,list,targ,16,-0.010000
9,cohort,skul,skar,list,comp,16,-0.010000
9,cohort,skul,skar,list,ctrl,16,-0.010000
9,cohort,skul,skar,list,targ,17,-0.010000
9,cohort,skul,skar,list,comp,17,-0.010000
9,cohort,skul,skar,list,ctrl,17,-0.010000
9,cohort,skul,skar,list,targ,18,-0.010000
9,cohort,skul,skar,list,comp,18,-0.010000
9,cohort,skul,skar,list,ctrl,18,-0.010000
9,cohort,skul,skar,list,targ,19,-0.010000
9,cohort,skul,skar,list,comp,19,-0.010000
9,cohort,skul,skar,list,ctrl,19,-0.010000
9,cohort,skul,skar,list,targ,20,-0.010000
9,cohort,skul,skar,list,comp,20,-0.010000
9,cohort,skul,skar,list,ctrl,20,-0.010000
9,cohort,skul,skar,list,targ,21,-0.009217
9,cohort,skul,skar,list,comp,21,-0.009217
9,cohort,skul,skar,list,ctrl,21,-0.010000
9,cohort,skul,skar,list,targ,22,-0.005757
9,cohort,skul,skar,list,comp,22,-0.005757
9,cohort,skul,skar,list,ctrl,22,-0.010000
9,cohort,skul,skar,list,targ,23,0.001265
9,cohort,skul,skar,list,comp,23,0.001265
9,cohort,skul,skar,list,ctrl,23,-0.010000
9,cohort,skul,skar,list,targ,24,0.011802
9,cohort,skul,skar,list,comp,24,0.011802
9,cohort,skul,skar,list,ctrl,24,-0.010000
9,cohort,skul,skar,list,targ,25,0.023132
9,cohort,skul,skar,list,comp,25,0.023132
9,cohort,skul,skar,list,ctrl,25,-0.010002
9,cohort,skul,skar,list,targ,26,0.031620
9,cohort,skul,skar,list,comp,26,0.031620
9,cohort,skul,skar,list,ctrl,26,-0.010010
9,cohort,skul,skar,list,targ,27,0.039209
9,cohort,skul,skar,list,comp,27,0.039209
9,cohort,skul,skar,list,ctrl,27,-0.010023
9,cohort,skul,skar,list,targ,28,0.047936
9,cohort,skul,skar,list,comp,28,0.047936
9,cohort,skul,skar,list,ctrl,28,-0.010036
9,cohort,skul,skar,list,targ,29,0.058404
9,cohort,skul,skar,list,comp,29,0.058404
9,cohort,skul,skar,list,ctrl,29,-0.010047
9,cohort,skul,skar,list,targ,30,0.070362
9,cohort,skul,skar,list,comp,30,0.070362
9,cohort,skul,skar,list,ctrl,30,-0.010055
9,cohort,skul,skar,list,targ,31,0.082882
9,cohort,skul,skar,list,comp,31,0.082882
9,cohort,skul,skar,list,ctrl,31,-0.010061
9,cohort,skul,skar,list,targ,32,0.095924
9,cohort,skul,skar,list,comp,32,0.095924
9,cohort,skul,skar,list,ctrl,32,-0.010064
9,cohort,skul,skar,list,targ,33,0.110494
9,cohort,skul,skar,list,comp,33,0.110486
9,cohort,skul,skar,list,ctrl,33,-0.010064
9,cohort,skul,skar,list,targ,34,0.126763
9,cohort,skul,skar,list,comp,34,0.126533
9,cohort,skul,skar,list,ctrl,34,-0.010063
9,cohort,skul,skar,list,targ,35,0.144854
9,cohort,skul,skar,list,comp,35,0.143735
9,cohort,skul,skar,list,ctrl,35,-0.010061
9,cohort,skul,skar,list,targ,36,0.163532
9,cohort,skul,skar,list,comp,36,0.161240
9,cohort,skul,skar,list,ctrl,36,-0.010058
9,cohort,skul,skar,list,targ,37,0.182059
9,cohort,skul,skar,list,comp,37,0.178529
9,cohort,skul,skar,list,ctrl,37,-0.010056
9,cohort,skul,skar,list,targ,38,0.200044
9,cohort,skul,skar,list,comp,38,0.196098
9,cohort,skul,skar,list,ctrl,38,-0.010053
9,cohort,skul,skar,list,targ,39,0.218614
9,cohort,skul,skar,list,comp,39,0.213874
9,cohort,skul,skar,list,ctrl,39,-0.010050
9,cohort,skul,skar,list,targ,40,0.237651
9,cohort,skul,skar,list,comp,40,0.231755
9,cohort,skul,skar,list,ctrl,40,-0.010048
9,cohort,skul,skar,list,targ,41,0.256867
9,cohort,skul,skar,list,comp,41,0.248730
9,cohort,skul,skar,list,ctrl,41,-0.010045
9,cohort,skul,skar,list,targ,42,0.275613
9,cohort,skul,skar,list,comp,42,0.264110
9,cohort,skul,skar,list,ctrl,42,-0.010043
9,cohort,skul,skar,list,targ,43,0.293655
9,cohort,skul,skar,list,comp,43,0.277538
9,cohort,skul,skar,list,ctrl,43,-0.010041
9,cohort,skul,skar,list,targ,44,0.310687
9,cohort,skul,skar,list,comp,44,0.288677
9,cohort,skul,skar,list,ctrl,44,-0.010039
9,cohort,skul,skar,list,targ,45,0.326712
9,cohort,skul,skar,list,comp,45,0.297507
9,cohort,skul,skar,list,ctrl,45,-0.010037
9,cohort,skul,skar,list,targ,46,0.341907
9,cohort,skul,skar,list,comp,46,0.304182
9,cohort,skul,skar,list,ctrl,46,-0.010035
9,cohort,skul,skar,list,targ,47,0.356353
9,cohort,skul,skar,list,comp,47,0.308746
9,cohort,skul,skar,list,ctrl,47,-0.010033
9,cohort,skul,skar,list,targ,48,0.370131
9,cohort,skul,skar,list,comp,48,0.311227
9,cohort,skul,skar,list,ctrl,48,-0.008997
9,cohort,skul,skar,list,targ,49,0.383336
9,cohort,skul,skar,list,comp,49,0.311694
9,cohort,skul,skar,list,ctrl,49,-0.006830
9,cohort,skul,skar,list,targ,50,0.396086
9,cohort,skul,skar,list,comp,50,0.310246
9,cohort,skul,skar,list,ctrl,50,-0.004947
9,cohort,skul,skar,list,targ,51,0.408535
9,cohort,skul,skar,list,comp,51,0.307013
9,cohort,skul,skar,list,ctrl,51,-0.002731
9,cohort,skul,skar,list,targ,52,0.420721
9,cohort,skul,skar,list,comp,52,0.301983
9,cohort,skul,skar,list,ctrl,52,-0.000561
9,cohort,skul,skar,list,targ,53,0.432681
9,cohort,skul,skar,list,comp,53,0.295134
9,cohort,skul,skar,list,ctrl,53,0.000635
9,cohort,skul,skar,list,targ,54,0.444433
9,cohort,skul,skar,list,comp,54,0.286416
9,cohort,skul,skar,list,ctrl,54,0.000547
9,cohort,skul,skar,list,targ,55,0.455956
9,cohort,skul,skar,list,comp,55,0.275872
9,cohort,skul,skar,list,ctrl,55,-0.000331
9,cohort,skul,skar,list,targ,56,0.467212
9,cohort,skul,skar,list,comp,56,0.263374
9,cohort,skul,skar,list,ctrl,56,-0.001759
9,cohort,skul,skar,list,targ,57,0.478180
9,cohort,skul,skar,list,comp,57,0.249012
9,cohort,skul,skar,list,ctrl,57,-0.003800
9,cohort,skul,skar,list,targ,58,0.488835
9,cohort,skul,skar,list,comp,58,0.233265
9,cohort,skul,skar,list,ctrl,58,-0.006486
9,cohort,skul,skar,list,targ,59,0.499129
9,cohort,skul,skar,list,comp,59,0.216269
9,cohort,skul,skar,list,ctrl,59,-0.009824
9,cohort,skul,skar,list,targ,60,0.509043
9,cohort,skul,skar,list,comp,60,0.198265
9,cohort,skul,skar,list,ctrl,60,-0.010017
9,cohort,skul,skar,list,targ,61,0.518536
9,cohort,skul,skar,list,comp,61,0.179599
9,cohort,skul,skar,list,ctrl,61,-0.010016
9,cohort,skul,skar,list,targ,62,0.527541
9,cohort,skul,skar,list,comp,62,0.160540
9,cohort,skul,skar,list,ctrl,62,-0.010015
9,cohort,skul,skar,list,targ,63,0.535987
9,cohort,skul,skar,list,comp,63,0.141278
9,cohort,skul,skar,list,ctrl,63,-0.010015
9,cohort,skul,skar,list,targ,64,0.543823
9,cohort,skul,skar,list,comp,64,0.121980
9,cohort,skul,skar,list,ctrl,64,-0.010014
9,cohort,skul,skar,list,targ,65,0.551021
9,cohort,skul,skar,list,comp,65,0.102822
9,cohort,skul,skar,list,ctrl,65,-0.010013
9,cohort,skul,skar,list,targ,66,0.557566
9,cohort,skul,skar,list,comp,66,0.083974
9,cohort,skul,skar,list,ctrl,66,-0.010013
9,cohort,skul,skar,list,targ,67,0.563463
9,cohort,skul,skar,list,comp,67,0.065593
9,cohort,skul,skar,list,ctrl,67,-0.010012
9,cohort,skul,skar,list,targ,68,0.568738
9,cohort,skul,skar,list,comp,68,0.047828
9,cohort,skul,skar,list,ctrl,68,-0.010011
9,cohort,skul,skar,list,targ,69,0.573456
9,cohort,skul,skar,list,comp,69,0.030826
9,cohort,skul,skar,list,ctrl,69,-0.010011
9,cohort,skul,skar,list,targ,70,0.577675
9,cohort,skul,skar,list,comp,70,0.014697
9,cohort,skul,skar,list,ctrl,70,-0.010010
9,cohort,skul,skar,list,targ,71,0.581451
9,cohort,skul,skar,list,comp,71,-0.000489
9,cohort,skul,skar,list,ctrl,71,-0.010010
9,cohort,skul,skar,list,targ,72,0.584837
9,cohort,skul,skar,list,comp,72,-0.010009
9,cohort,skul,skar,list,ctrl,72,-0.010009
9,cohort,skul,skar,list,targ,73,0.587905
9,cohort,skul,skar,list,comp,73,-0.010009
9,cohort,skul,skar,list,ctrl,73,-0.010009
9,cohort,skul,skar,list,targ,74,0.590741
9,cohort,skul,skar,list,comp,74,-0.010008
9,cohort,skul,skar,list,ctrl,74,-0.010008
9,cohort,skul,skar,list,targ,75,0.593411
9,cohort,skul,skar,list,comp,75,-0.010008
9,cohort,skul,skar,list,ctrl,75,-0.010008
9,cohort,skul,skar,list,targ,76,0.595966
9,cohort,skul,skar,list,comp,76,-0.010008
9,cohort,skul,skar,list,ctrl,76,-0.010008
9,cohort,skul,skar,list,targ,77,0.598434
9,cohort,skul,skar,list,comp,77,-0.010007
9,cohort,skul,skar,list,ctrl,77,-0.010007
9,cohort,skul,skar,list,targ,78,0.600838
9,cohort,skul,skar,list,comp,78,-0.010007
9,cohort,skul,skar,list,ctrl,78,-0.010007
9,cohort,skul,skar,list,targ,79,0.603195
9,cohort,skul,skar,list,comp,79,-0.010006
9,cohort,skul,skar,list,ctrl,79,-0.010006
9,cohort,skul,skar,list,targ,80,0.605516
9,cohort,skul,skar,list,comp,80,-0.010006
9,cohort,skul,skar,list,ctrl,80,-0.010006
9,cohort,skul,skar,list,targ,81,0.607813
9,cohort,skul,skar,list,comp,81,-0.010006
9,cohort,skul,skar,list,ctrl,81,-0.010006
9,cohort,skul,skar,list,targ,82,0.610091
9,cohort,skul,skar,list,comp,82,-0.010006
9,cohort,skul,skar,list,ctrl,82,-0.010006
9,cohort,skul,skar,list,targ,83,0.612357
9,cohort,skul,skar,list,comp,83,-0.010005
9,cohort,skul,skar,list,ctrl,83,-0.010005
9,cohort,skul,skar,list,targ,84,0.614636
9,cohort,skul,skar,list,comp,84,-0.010005
9,cohort,skul,skar,list,ctrl,84,-0.010005
9,cohort,skul,skar,list,targ,85,0.616968
9,cohort,skul,skar,list,comp,85,-0.010005
9,cohort,skul,skar,list,ctrl,85,-0.010005
9,cohort,skul,skar,list,targ,86,0.619328
9,cohort,skul,skar,list,comp,86,-0.010004
9,cohort,skul,skar,list,ctrl,86,-0.010004
9,cohort,skul,skar,list,targ,87,0.621693
9,cohort,skul,skar,list,comp,87,-0.010004
9,cohort,skul,skar,list,ctrl,87,-0.010004
9,cohort,skul,skar,list,targ,88,0.624041
9,cohort,skul,skar,list,comp,88,-0.010004
9,cohort,skul,skar,list,ctrl,88,-0.010004
9,cohort,skul,skar,list,targ,89,0.626342
9,cohort,skul,skar,list,comp,89,-0.010004
9,cohort,skul,skar,list,ctrl,89,-0.010004
9,cohort,skul,skar,list,targ,90,0.628571
9,cohort,skul,skar,list,comp,90,-0.010004
9,cohort,skul,skar,list,ctrl,90,-0.010004
10,cohort,start,strik,g^tar,targ,1,-0.010000
10,cohort,start,strik,g^tar,comp,1,-0.010000
10,cohort,start,strik,g^tar,ctrl,1,-0.010000
10,cohort,start,strik,g^tar,targ,2,-0.010000
10,cohort,start,strik,g^tar,comp,2,-0.010000
10,cohort,start,strik,g^tar,ctrl,2,-0.010000
10,cohort,start,strik,g^tar,targ,3,-0.010000
10,cohort,start,strik,g^tar,comp,3,-0.010000
10,cohort,start,strik,g^tar,ctrl,3,-0.010000
10,cohort,start,strik,g^tar,targ,4,-0.010000
10,cohort,start,strik,g^tar,comp,4,-0.010000
10,cohort,start,strik,g^tar,ctrl,4,-0.010000
10,cohort,start,strik,g^tar,targ,5,-0.010000
10,cohort,start,strik,g^tar,comp,5,-0.010000
10,cohort,start,strik,g^tar,ctrl,5,-0.010000
10,cohort,start,strik,g^tar,targ,6,-0.010000
10,cohort,start,strik,g^tar,comp,6,-0.010000
10,cohort,start,strik,g^tar,ctrl,6,-0.010000
10,cohort,start,strik,g^tar,targ,7,-0.010000
10,cohort,start,strik,g^tar,comp,7,-0.010000
10,cohort,start,strik,g^tar,ctrl,7,-0.010000
10,cohort,start,strik,g^tar,targ,8,-0.010000
10,cohort,start,strik,g^tar,comp,8,-0.010000
10,cohort,start,strik,g^tar,ctrl,8,-0.010000
10,cohort,start,strik,g^tar,targ,9,-0.010000
10,cohort,start,strik,g^tar,comp,9,-0.010000
10,cohort,start,strik,g^tar,ctrl,9,-0.010000
10,cohort,start,strik,g^tar,targ,10,-0.010000
10,cohort,start,strik,g^tar,comp,10,-0.010000
10,cohort,start,strik,g^tar,ctrl,10,-0.010000
10,cohort,start,strik,g^tar,targ,11,-0.010000
10,cohort,start,strik,g^tar,comp,11,-0.010000
10,cohort,start,strik,g^tar,ctrl,11,-0.010000
10,cohort,start,strik,g^tar,targ,12,-0.010000
10,cohort,start,strik,g^tar,comp,12,-0.010000
10,cohort,start,strik,g^tar,ctrl,12,-0.010000
10,cohort,start,strik,g^tar,targ,13,-0.010000
10,cohort,start,strik,g^tar,comp,13,-0.010000
10,cohort,start,strik,g^tar,ctrl,13,-0.010000
10,cohort,start,strik,g^tar,targ,14,-0.010000
10,cohort,start,strik,g^tar,comp,14,-0.010000
10,cohort,start,strik,g^tar,ctrl,14,-0.010000
10,cohort,start,strik,g^tar,targ,15,-0.010000
10,cohort,start,strik,g^tar,comp,15,-0.010000
10,cohort,start,strik,g^tar,ctrl,15,-0.010000
10,cohort,start,strik,g^tar,targ,16,-0.010000
10,cohort,start,strik,g^tar,comp,16,-0.010000
10,cohort,start,strik,g^tar,ctrl,16,-0.010000
10,cohort,start,strik,g^tar,targ,17,-0.010000
10,cohort,start,strik,g^tar,comp,17,-0.010000
10,cohort,start,strik,g^tar,ctrl,17,-0.010000
10,cohort,start,strik,g^tar,targ,18,-0.010000
10,cohort,start,strik,g^tar,comp,18,-0.010000
10,cohort,start,strik,g^tar,ctrl,18,-0.010000
10,cohort,start,strik,g^tar,targ,19,-0.010000
10,cohort,start,strik,g^tar,comp,19,-0.010000
10,cohort,start,strik,g^tar,ctrl,19,-0.010000
10,cohort,start,strik,g^tar,targ,20,-0.010000
10,cohort,start,strik,g^tar,comp,20,-0.010000
10,cohort,start,strik,g^tar,ctrl,20,-0.010000
10,cohort,start,strik,g^tar,targ,21,-0.009217
10,cohort,start,strik,g^tar,comp,21,-0.009217
10,cohort,start,strik,g^tar,ctrl,21,-0.010000
10,cohort,start,strik,g^tar,targ,22,-0.005720
10,cohort,start,strik,g^tar,comp,22,-0.005720
10,cohort,start,strik,g^tar,ctrl,22,-0.010000
10,cohort,start,strik,g^tar,targ,23,0.001520
10,cohort,start,strik,g^tar,comp,23,0.001520
10,cohort,start,strik,g^tar,ctrl,23,-0.010000
10,cohort,start,strik,g^tar,targ,24,0.012583
10,cohort,start,strik,g^tar,comp,24,0.012583
10,cohort,start,strik,g^tar,ctrl,24,-0.010000
10,cohort,start,strik,g^tar,targ,25,0.025519
10,cohort,start,strik,g^tar,comp,25,0.025519
10,cohort,start,strik,g^tar,ctrl,25,-0.010002
10,cohort,start,strik,g^tar,targ,26,0.035116
10,cohort,start,strik,g^tar,comp,26,0.035116
10,cohort,start,strik,g^tar,ctrl,26,-0.010011
10,cohort,start,strik,g^tar,targ,27,0.043221
10,cohort,start,strik,g^tar,comp,27,0.043221
10,cohort,start,strik,g^tar,ctrl,27,-0.010025
10,cohort,start,strik,g^tar,targ,28,0.051247
10,cohort,start,strik,g^tar,comp,28,0.051247
10,cohort,start,strik,g^tar,ctrl,28,-0.010038
10,cohort,start,strik,g^tar,targ,29,0.059977
10,cohort,start,strik,g^tar,comp,29,0.059977
10,cohort,start,strik,g^tar,ctrl,29,-0.010048
10,cohort,start,strik,g^tar,targ,30,0.068262
10,cohort,start,strik,g^tar,comp,30,0.068262
10,cohort,start,strik,g^tar,ctrl,30,-0.010055
10,cohort,start,strik,g^tar,targ,31,0.075707
10,cohort,start,strik,g^tar,comp,31,0.075707
10,cohort,start,strik,g^tar,ctrl,31,-0.010058
10,cohort,start,strik,g^tar,targ,32,0.082245
10,cohort,start,strik,g^tar,comp,32,0.082192
10,cohort,start,strik,g^tar,ctrl,32,-0.010058
10,cohort,start,strik,g^tar,targ,33,0.089448
10,cohort,start,strik,g^tar,comp,33,0.087226
10,cohort,start,strik,g^tar,ctrl,33,-0.010056
10,cohort,start,strik,g^tar,targ,34,0.097857
10,cohort,start,strik,g^tar,comp,34,0.090137
10,cohort,start,strik,g^tar,ctrl,34,-0.010053
10,cohort,start,strik,g^tar,targ,35,0.106968
10,cohort,start,strik,g^tar,comp,35,0.090990
10,cohort,start,strik,g^tar,ctrl,35,-0.010050
10,cohort,start,strik,g^tar,targ,36,0.116811
10,cohort,start,strik,g^tar,comp,36,0.090065
10,cohort,start,strik,g^tar,ctrl,36,-0.010048
10,cohort,start,strik,g^tar,targ,37,0.127469
10,cohort,start,strik,g^tar,comp,37,0.087180
10,cohort,start,strik,g^tar,ctrl,37,-0.010045
10,cohort,start,strik,g^tar,targ,38,0.139484
10,cohort,start,strik,g^tar,comp,38,0.082357
10,cohort,start,strik,g^tar,ctrl,38,-0.010043
10,cohort,start,strik,g^tar,targ,39,0.153121
10,cohort,start,strik,g^tar,comp,39,0.076597
10,cohort,start,strik,g^tar,ctrl,39,-0.010041
10,cohort,start,strik,g^tar,targ,40,0.168219
10,cohort,start,strik,g^tar,comp,40,0.069623
10,cohort,start,strik,g^tar,ctrl,40,-0.010039
10,cohort,start,strik,g^tar,targ,41,0.184217
10,cohort,start,strik,g^tar,comp,41,0.061345
10,cohort,start,strik,g^tar,ctrl,41,-0.010037
10,cohort,start,strik,g^tar,targ,42,0.200731
10,cohort,start,strik,g^tar,comp,42,0.051834
10,cohort,start,strik,g^tar,ctrl,42,-0.010035
10,cohort,start,strik,g^tar,targ,43,0.217402
10,cohort,start,strik,g^tar,comp,43,0.041150
10,cohort,start,strik,g^tar,ctrl,43,-0.010033
10,cohort,start,strik,g^tar,targ,44,0.234692
10,cohort,start,strik,g^tar,comp,44,0.029399
10,cohort,start,strik,g^tar,ctrl,44,-0.010032
10,cohort,start,strik,g^tar,targ,45,0.253245
10,cohort,start,strik,g^tar,comp,45,0.016902
10,cohort,start,strik,g^tar,ctrl,45,-0.010030
10,cohort,start,strik,g^tar,targ,46,0.272708
10,cohort,start,strik,g^tar,comp,46,0.003701
10,cohort,start,strik,g^tar,ctrl,46,-0.010029
10,cohort,start,strik,g^tar,targ,47,0.292479
10,cohort,start,strik,g^tar,comp,47,-0.010027
10,cohort,start,strik,g^tar,ctrl,47,-0.010027
10,cohort,start,strik,g^tar,targ,48,0.311927
10,cohort,start,strik,g^tar,comp,48,-0.010026
10,cohort,start,strik,g^tar,ctrl,48,-0.010026
10,cohort,start,strik,g^tar,targ,49,0.330943
10,cohort,start,strik,g^tar,comp,49,-0.010025
10,cohort,start,strik,g^tar,ctrl,49,-0.010025
10,cohort,start,strik,g^tar,targ,50,0.349334
10,cohort,start,strik,g^tar,comp,50,-0.010023
10,cohort,start,strik,g^tar,ctrl,50,-0.010023
10,cohort,start,strik,g^tar,targ,51,0.367031
10,cohort,start,strik,g^tar,comp,51,-0.010022
10,cohort,start,strik,g^tar,ctrl,51,-0.010022
10,cohort,start,strik,g^tar,targ,52,0.383960
10,cohort,start,strik,g^tar,comp,52,-0.010021
10,cohort,start,strik,g^tar,ctrl,52,-0.010021
10,cohort,start,strik,g^tar,targ,53,0.400167
10,cohort,start,strik,g^tar,comp,53,-0.010020
10,cohort,start,strik,g^tar,ctrl,53,-0.010020
10,cohort,start,strik,g^tar,targ,54,0.415666
10,cohort,start,strik,g^tar,comp,54,-0.010019
10,cohort,start,strik,g^tar,ctrl,54,-0.010019
10,cohort,start,strik,g^tar,targ,55,0.430486
10,cohort,start,strik,g^tar,comp,55,-0.010018
10,cohort,start,strik,g^tar,ctrl,55,-0.010018
10,cohort,start,strik,g^tar,targ,56,0.444609
10,cohort,start,strik,g^tar,comp,56,-0.010017
10,cohort,start,strik,g^tar,ctrl,56,-0.010017
10,cohort,start,strik,g^tar,targ,57,0.457949
10,cohort,start,strik,g^tar,comp,57,-0.010016
10,cohort,start,strik,g^tar,ctrl,57,-0.010016
10,cohort,start,strik,g^tar,targ,58,0.470514
10,cohort,start,strik,g^tar,comp,58,-0.010015
10,cohort,start,strik,g^tar,ctrl,58,-0.010015
10,cohort,start,strik,g^tar,targ,59,0.482371
10,cohort,start,strik,g^tar,comp,59,-0.010015
10,cohort,start,strik,g^tar,ctrl,59,-0.010015
10,cohort,start,strik,g^tar,targ,60,0.493581
10,cohort,start,strik,g^tar,comp,60,-0.010014
10,cohort,start,strik,g^tar,ctrl,60,-0.010014
10,cohort,start,strik,g^tar,targ,61,0.504210
10,cohort,start,strik,g^tar,comp,61,-0.010013
10,cohort,start,strik,g^tar,ctrl,61,-0.010013
10,cohort,start,strik,g^tar,targ,62,0.514336
10,cohort,start,strik,g^tar,comp,62,-0.010013
10,cohort,start,strik,g^tar,ctrl,62,-0.010013
10,cohort,start,strik,g^tar,targ,63,0.524099
10,cohort,start,strik,g^tar,comp,63,-0.010012
10,cohort,start,strik,g^tar,ctrl,63,-0.010012
10,cohort,start,strik,g^tar,targ,64,0.533642
10,cohort,start,strik,g^tar,comp,64,-0.010012
10,cohort,start,strik,g^tar,ctrl,64,-0.010012
10,cohort,start,strik,g^tar,targ,65,0.543053
10,cohort,start,strik,g^tar,comp,65,-0.010015
10,cohort,start,strik,g^tar,ctrl,65,-0.010015
10,cohort,start,strik,g^tar,targ,66,0.552396
10,cohort,start,strik,g^tar,comp,66,-0.010021
10,cohort,start,strik,g^tar,ctrl,66,-0.010021
10,cohort,start,strik,g^tar,targ,67,0.561710
10,cohort,start,strik,g^tar,comp,67,-0.010031
10,cohort,start,strik,g^tar,ctrl,67,-0.010031
10,cohort,start,strik,g^tar,targ,68,0.571017
10,cohort,start,strik,g^tar,comp,68,-0.010049
10,cohort,start,strik,g^tar,ctrl,68,-0.010049
10,cohort,start,strik,g^tar,targ,69,0.580349
10,cohort,start,strik,g^tar,comp,69,-0.010074
10,cohort,start,strik,g^tar,ctrl,69,-0.010074
10,cohort,start,strik,g^tar,targ,70,0.589732
10,cohort,start,strik,g^tar,comp,70,-0.010108
10,cohort,start,strik,g^tar,ctrl,70,-0.010108
10,cohort,start,strik,g^tar,targ,71,0.599190
10,cohort,start,strik,g^tar,comp,71,-0.010152
10,cohort,start,strik,g^tar,ctrl,71,-0.010152
10,cohort,start,strik,g^tar,targ,72,0.608760
10,cohort,start,strik,g^tar,comp,72,-0.010207
10,cohort,start,strik,g^tar,ctrl,72,-0.010207
10,cohort,start,strik,g^tar,targ,73,0.618333
10,cohort,start,strik,g^tar,comp,73,-0.010272
10,cohort,start,strik,g^tar,ctrl,73,-0.010272
10,cohort,start,strik,g^tar,targ,74,0.627811
10,cohort,start,strik,g^tar,comp,74,-0.010349
10,cohort,start,strik,g^tar,ctrl,74,-0.010349
10,cohort,start,strik,g^tar,targ,75,0.637091
10,cohort,start,strik,g^tar,comp,75,-0.010437
10,cohort,start,strik,g^tar,ctrl,75,-0.010437
10,cohort,start,strik,g^tar,targ,76,0.646066
10,cohort,start,strik,g^tar,comp,76,-0.010535
10,cohort,start,strik,g^tar,ctrl,76,-0.010535
10,cohort,start,strik,g^tar,targ,77,0.654631
10,cohort,start,strik,g^tar,comp,77,-0.010643
10,cohort,start,strik,g^tar,ctrl,77,-0.010643
10,cohort,start,strik,g^tar,targ,78,0.662692
10,cohort,start,strik,g^tar,comp,78,-0.010761
10,cohort,start,strik,g^tar,ctrl,78,-0.010761
10,cohort,start,strik,g^tar,targ,79,0.670168
10,cohort,start,strik,g^tar,comp,79,-0.010887
10,cohort,start,strik,g^tar,ctrl,79,-0.010887
10,cohort,start,strik,g^tar,targ,80,0.676998
10,cohort,start,strik,g^tar,comp,80,-0.011021
10,cohort,start,strik,g^tar,ctrl,80,-0.011021
10,cohort,start,strik,g^tar,targ,81,0.683142
10,cohort,start,strik,g^tar,comp,81,-0.011162
10,cohort,start,strik,g^tar,ctrl,81,-0.011162
10,cohort,start,strik,g^tar,targ,82,0.688587
10,cohort,start,strik,g^tar,comp,82,-0.011308
10,cohort,start,strik,g^tar,ctrl,82,-0.011308
10,cohort,start,strik,g^tar,targ,83,0.693340
10,cohort,start,strik,g^tar,comp,83,-0.011459
10,cohort,start,strik,g^tar,ctrl,83,-0.011459
10,cohort,start,strik,g^tar,targ,84,0.697425
10,cohort,start,strik,g^tar,comp,84,-0.011614
10,cohort,start,strik,g^tar,ctrl,84,-0.011614
10,cohort,start,strik,g^tar,targ,85,0.700881
10,cohort,start,strik,g^tar,comp,85,-0.011771
10,cohort,start,strik,g^tar,ctrl,85,-0.011771
10,cohort,start,strik,g^tar,targ,86,0.703774
10,cohort,start,strik,g^tar,comp,86,-0.011930
10,cohort,start,strik,g^tar,ctrl,86,-0.011930
10,cohort,start,strik,g^tar,targ,87,0.706215
10,cohort,start,strik,g^tar,comp,87,-0.012090
10,cohort,start,strik,g^tar,ctrl,87,-0.012090
10,cohort,start,strik,g^tar,targ,88,0.708317
10,cohort,start,strik,g^tar,comp,88,-0.012249
10,cohort,start,strik,g^tar,ctrl,88,-0.012249
10,cohort,start,strik,g^tar,targ,89,0.710151
10,cohort,start,strik,g^tar,comp,89,-0.012408
10,cohort,start,strik,g^tar,ctrl,89,-0.012408
10,cohort,start,strik,g^tar,targ,90,0.711741
10,cohort,start,strik,g^tar,comp,90,-0.012565
10,cohort,start,strik,g^tar,ctrl,90,-0.012565
11,cohort,st^di,start,g^tar,targ,1,-0.010000
11,cohort,st^di,start,g^tar,comp,1,-0.010000
11,cohort,st^di,start,g^tar,ctrl,1,-0.010000
11,cohort,st^di,start,g^tar,targ,2,-0.010000
11,cohort,st^di,start,g^tar,comp,2,-0.010000
11,cohort,st^di,start,g^tar,ctrl,2,-0.010000
11,cohort,st^di,start,g^tar,targ,3,-0.010000
11,cohort,st^di,start,g^tar,comp,3,-0.010000
11,cohort,st^di,start,g^tar,ctrl,3,-0.010000
11,cohort,st^di,start,g^tar,targ,4,-0.010000
11,cohort,st^di,start,g^tar,comp,4,-0.010000
11,cohort,st^di,start,g^tar,ctrl,4,-0.010000
11,cohort,st^di,start,g^tar,targ,5,-0.010000
11,cohort,st^di,start,g^tar,comp,5,-0.010000
11,cohort,st^di,start,g^tar,ctrl,5,-0.010000
11,cohort,st^di,start,g^tar,targ,6,-0.010000
11,cohort,st^di,start,g^tar,comp,6,-0.010000
11,cohort,st^di,start,g^tar,ctrl,6,-0.010000
11,cohort,st^di,start,g^tar,targ,7,-0.010000
11,cohort,st^di,start,g^tar,comp,7,-0.010000
11,cohort,st^di,start,g^tar,ctrl,7,-0.010000
11,cohort,st^di,start,g^tar,targ,8,-0.010000
11,cohort,st^di,start,g^tar,comp,8,-0.010000
11,cohort,st^di,start,g^tar,ctrl,8,-0.010000
11,cohort,st^di,start,g^tar,targ,9,-0.010000
11,cohort,st^di,start,g^tar,comp,9,-0.010000
11,cohort,st^di,start,g^tar,ctrl,9,-0.010000
11,cohort,st^di,start,g^tar,targ,10,-0.010000
11,cohort,st^di,start,g^tar,comp,10,-0.010000
11,cohort,st^di,start,g^tar,ctrl,10,-0.010000
11,cohort,st^di,start,g^tar,targ,11,-0.010000
11,cohort,st^di,start,g^tar,comp,11,-0.010000
11,cohort,st^di,start,g^tar,ctrl,11,-0.010000
11,cohort,st^di,start,g^tar,targ,12,-0.010000
11,cohort,st^di,start,g^tar,comp,12,-0.010000
11,cohort,st^di,start,g^tar,ctrl,12,-0.010000
11,cohort,st^di,start,g^tar,targ,13,-0.010000
11,cohort,st^di,start,g^tar,comp,13,-0.010000
11,cohort,st^di,start,g^tar,ctrl,13,-0.010000
11,cohort,st^di,start,g^tar,targ,14,-0.010000
11,cohort,st^di,start,g^tar,comp,14,-0.010000
11,cohort,st^di,start,g^tar,ctrl,14,-0.010000
11,cohort,st^di,start,g^tar,targ,15,-0.010000
11,cohort,st^di,start,g^tar,comp,15,-0.010000
11,cohort,st^di,start,g^tar,ctrl,15,-0.010000
11,cohort,st^di,start,g^tar,targ,16,-0.010000
11,cohort,st^di,start,g^tar,comp,16,-0.010000
11,cohort,st^di,start,g^tar,ctrl,16,-0.010000
11,cohort,st^di,start,g^tar,targ,17,-0.010000
11,cohort,st^di,start,g^tar,comp,17,-0.010000
11,cohort,st^di,start,g^tar,ctrl,17,-0.010000
11,cohort,st^di,start,g^tar,targ,18,-0.010000
11,cohort,st^di,start,g^tar,comp,18,-0.010000
11,cohort,st^di,start,g^tar,ctrl,18,-0.010000
11,cohort,st^di,start,g^tar,targ,19,-0.010000
11,cohort,st^di,start,g^tar,comp,19,-0.010000
11,cohort,st^di,start,g^tar,ctrl,19,-0.010000
11,cohort,st^di,start,g^tar,targ,20,-0.010000
11,cohort,st^di,start,g^tar,comp,20,-0.010000
11,cohort,st^di,start,g^tar,ctrl,20,-0.010000
11,cohort,st^di,start,g^tar,targ,21,-0.009217
11,cohort,st^di,start,g^tar,comp,21,-0.009217
11,cohort,st^di,start,g^tar,ctrl,21,-0.010000
11,cohort,st^di,start,g^tar,targ,22,-0.005720
11,cohort,st^di,start,g^tar,comp,22,-0.005720
11,cohort,st^di,start,g^tar,ctrl,22,-0.010000
11,cohort,st^di,start,g^tar,targ,23,0.001520
11,cohort,st^di,start,g^tar,comp,23,0.001520
11,cohort,st^di,start,g^tar,ctrl,23,-0.010000
11,cohort,st^di,start,g^tar,targ,24,0.012583
11,cohort,st^di,start,g^tar,comp,24,0.012583
11,cohort,st^di,start,g^tar,ctrl,24,-0.010000
11,cohort,st^di,start,g^tar,targ,25,0.025519
11,cohort,st^di,start,g^tar,comp,25,0.025519
11,cohort,st^di,start,g^tar,ctrl,25,-0.010002
11,cohort,st^di,start,g^tar,targ,26,0.035116
11,cohort,st^di,start,g^tar,comp,26,0.035116
11,cohort,st^di,start,g^tar,ctrl,26,-0.010011
11,cohort,st^di,start,g^tar,targ,27,0.043221
11,cohort,st^di,start,g^tar,comp,27,0.043221
11,cohort,st^di,start,g^tar,ctrl,27,-0.010025
11,cohort,st^di,start,g^tar,targ,28,0.051247
11,cohort,st^di,start,g^tar,comp,28,0.051247
11,cohort,st^di,start,g^tar,ctrl,28,-0.010038
11,cohort,st^di,start,g^tar,targ,29,0.059980
11,cohort,st^di,start,g^tar,comp,29,0.059980
11,cohort,st^di,start,g^tar,ctrl,29,-0.010048
11,cohort,st^di,start,g^tar,targ,30,0.068273
11,cohort,st^di,start,g^tar,comp,30,0.068273
11,cohort,st^di,start,g^tar,ctrl,30,-0.010055
11,cohort,st^di,start,g^tar,targ,31,0.075753
11,cohort,st^di,start,g^tar,comp,31,0.075753
11,cohort,st^di,start,g^tar,ctrl,31,-0.010058
11,cohort,st^di,start,g^tar,targ,32,0.082270
11,cohort,st^di,start,g^tar,comp,32,0.082270
11,cohort,st^di,start,g^tar,ctrl,32,-0.010058
11,cohort,st^di,start,g^tar,targ,33,0.088493
11,cohort,st^di,start,g^tar,comp,33,0.087932
11,cohort,st^di,start,g^tar,ctrl,33,-0.010056
11,cohort,st^di,start,g^tar,targ,34,0.095609
11,cohort,st^di,start,g^tar,comp,34,0.093766
11,cohort,st^di,start,g^tar,ctrl,34,-0.010053
11,cohort,st^di,start,g^tar,targ,35,0.103466
11,cohort,st^di,start,g^tar,comp,35,0.099470
11,cohort,st^di,start,g^tar,ctrl,35,-0.010050
11,cohort,st^di,start,g^tar,targ,36,0.111519
11,cohort,st^di,start,g^tar,comp,36,0.104399
11,cohort,st^di,start,g^tar,ctrl,36,-0.010048
11,cohort,st^di,start,g^tar,targ,37,0.119964
11,cohort,st^di,start,g^tar,comp,37,0.108528
11,cohort,st^di,start,g^tar,ctrl,37,-0.010045
11,cohort,st^di,start,g^tar,targ,38,0.128908
11,cohort,st^di,start,g^tar,comp,38,0.111813
11,cohort,st^di,start,g^tar,ctrl,38,-0.010043
11,cohort,st^di,start,g^tar,targ,39,0.140190
11,cohort,st^di,start,g^tar,comp,39,0.114015
11,cohort,st^di,start,g^tar,ctrl,39,-0.010041
11,cohort,st^di,start,g^tar,targ,40,0.154596
11,cohort,st^di,start,g^tar,comp,40,0.114976
11,cohort,st^di,start,g^tar,ctrl,40,-0.010039
11,cohort,st^di,start,g^tar,targ,41,0.171629
11,cohort,st^di,start,g^tar,comp,41,0.114556
11,cohort,st^di,start,g^tar,ctrl,41,-0.010037
11,cohort,st^di,start,g^tar,targ,42,0.190162
11,cohort,st^di,start,g^tar,comp,42,0.112278
11,cohort,st^di,start,g^tar,ctrl,42,-0.010035
11,cohort,st^di,start,g^tar,targ,43,0.209588
11,cohort,st^di,start,g^tar,comp,43,0.107959
11,cohort,st^di,start,g^tar,ctrl,43,-0.010033
11,cohort,st^di,start,g^tar,targ,44,0.230190
11,cohort,st^di,start,g^tar,comp,44,0.101898
11,cohort,st^di,start,g^tar,ctrl,44,-0.010032
11,cohort,st^di,start,g^tar,targ,45,0.252455
11,cohort,st^di,start,g^tar,comp,45,0.094786
11,cohort,st^di,start,g^tar,ctrl,45,-0.010030
11,cohort,st^di,start,g^tar,targ,46,0.276675
11,cohort,st^di,start,g^tar,comp,46,0.086218
11,cohort,st^di,start,g^tar,ctrl,46,-0.010029
11,cohort,st^di,start,g^tar,targ,47,0.302176
11,cohort,st^di,start,g^tar,comp,47,0.075829
11,cohort,st^di,start,g^tar,ctrl,47,-0.010027
11,cohort,st^di,start,g^tar,targ,48,0.328174
11,cohort,st^di,start,g^tar,comp,48,0.063472
11,cohort,st^di,start,g^tar,ctrl,48,-0.010026
11,cohort,st^di,start,g^tar,targ,49,0.353769
11,cohort,st^di,start,g^tar,comp,49,0.049233
11,cohort,st^di,start,g^tar,ctrl,49,-0.010025
11,cohort,st^di,start,g^tar,targ,50,0.378222
11,cohort,st^di,start,g^tar,comp,50,0.033287
11,cohort,st^di,start,g^tar,ctrl,50,-0.010023
11,cohort,st^di,start,g^tar,targ,51,0.401172
11,cohort,st^di,start,g^tar,comp,51,0.015977
11,cohort,st^di,start,g^tar,ctrl,51,-0.010022
11,cohort,st^di,start,g^tar,targ,52,0.422521
11,cohort,st^di,start,g^tar,comp,52,-0.002192
11,cohort,st^di,start,g^tar,ctrl,52,-0.010021
11,cohort,st^di,start,g^tar,targ,53,0.442221
11,cohort,st^di,start,g^tar,comp,53,-0.010020
11,cohort,st^di,start,g^tar,ctrl,53,-0.010020
11,cohort,st^di,start,g^tar,targ,54,0.460245
11,cohort,st^di,start,g^tar,comp,54,-0.010019
11,cohort,st^di,start,g^tar,ctrl,54,-0.010019
11,cohort,st^di,start,g^tar,targ,55,0.476702
11,cohort,st^di,start,g^tar,comp,55,-0.010018
11,cohort,st^di,start,g^tar,ctrl,55,-0.010018
11,cohort,st^di,start,g^tar,targ,56,0.491809
11,cohort,st^di,start,g^tar,comp,56,-0.010017
11,cohort,st^di,start,g^tar,ctrl,56,-0.010017
11,cohort,st^di,start,g^tar,targ,57,0.505726
11,cohort,st^di,start,g^tar,comp,57,-0.010016
11,cohort,st^di,start,g^tar,ctrl,57,-0.010016
11,cohort,st^di,start,g^tar,targ,58,0.518593
11,cohort,st^di,start,g^tar,comp,58,-0.010015
11,cohort,st^di,start,g^tar,ctrl,58,-0.010015
11,cohort,st^di,start,g^tar,targ,59,0.530538
11,cohort,st^di,start,g^tar,comp,59,-0.010015
11,cohort,st^di,start,g^tar,ctrl,59,-0.010015
11,cohort,st^di,start,g^tar,targ,60,0.541741
11,cohort,st^di,start,g^tar,comp,60,-0.010014
11,cohort,st^di,start,g^tar,ctrl,60,-0.010014
11,cohort,st^di,start,g^tar,targ,61,0.552362
11,cohort,st^di,start,g^tar,comp,61,-0.010013
11,cohort,st^di,start,g^tar,ctrl,61,-0.010013
11,cohort,st^di,start,g^tar,targ,62,0.562510
11,cohort,st^di,start,g^tar,comp,62,-0.010013
11,cohort,st^di,start,g^tar,ctrl,62,-0.010013
11,cohort,st^di,start,g^tar,targ,63,0.572243
11,cohort,st^di,start,g^tar,comp,63,-0.010012
11,cohort,st^di,start,g^tar,ctrl,63,-0.010012
11,cohort,st^di,start,g^tar,targ,64,0.581587
11,cohort,st^di,start,g^tar,comp,64,-0.010013
11,cohort,st^di,start,g^tar,ctrl,64,-0.010013
11,cohort,st^di,start,g^tar,targ,65,0.590558
11,cohort,st^di,start,g^tar,comp,65,-0.010016
11,cohort,st^di,start,g^tar,ctrl,65,-0.010016
11,cohort,st^di,start,g^tar,targ,66,0.599162
11,cohort,st^di,start,g^tar,comp,66,-0.010023
11,cohort,st^di,start,g^tar,ctrl,66,-0.010023
11,cohort,st^di,start,g^tar,targ,67,0.607398
11,cohort,st^di,start,g^tar,comp,67,-0.010035
11,cohort,st^di,start,g^tar,ctrl,67,-0.010035
11,cohort,st^di,start,g^tar,targ,68,0.615235
11,cohort,st^di,start,g^tar,comp,68,-0.010054
11,cohort,st^di,start,g^tar,ctrl,68,-0.010054
11,cohort,st^di,start,g^tar,targ,69,0.622654
11,cohort,st^di,start,g^tar,comp,69,-0.010080
11,cohort,st^di,start,g^tar,ctrl,69,-0.010080
11,cohort,st^di,start,g^tar,targ,70,0.629645
11,cohort,st^di,start,g^tar,comp,70,-0.010115
11,cohort,st^di,start,g^tar,ctrl,70,-0.010115
11,cohort,st^di,start,g^tar,targ,71,0.636205
11,cohort,st^di,start,g^tar,comp,71,-0.010160
11,cohort,st^di,start,g^tar,ctrl,71,-0.010160
11,cohort,st^di,start,g^tar,targ,72,0.642328
11,cohort,st^di,start,g^tar,comp,72,-0.010215
11,cohort,st^di,start,g^tar,ctrl,72,-0.010215
11,cohort,st^di,start,g^tar,targ,73,0.648027
11,cohort,st^di,start,g^tar,comp,73,-0.010281
11,cohort,st^di,start,g^tar,ctrl,73,-0.010281
11,cohort,st^di,start,g^tar,targ,74,0.653349
11,cohort,st^di,start,g^tar,comp,74,-0.010357
11,cohort,st^di,start,g^tar,ctrl,74,-0.010357
11,cohort,st^di,start,g^tar,targ,75,0.658366
11,cohort,st^di,start,g^tar,comp,75,-0.010444
11,cohort,st^di,start,g^tar,ctrl,75,-0.010444
11,cohort,st^di,start,g^tar,targ,76,0.663129
11,cohort,st^di,start,g^tar,comp,76,-0.010542
11,cohort,st^di,start,g^tar,ctrl,76,-0.010542
11,cohort,st^di,start,g^tar,targ,77,0.667678
11,cohort,st^di,start,g^tar,comp,77,-0.010648
11,cohort,st^di,start,g^tar,ctrl,77,-0.010648
11,cohort,st^di,start,g^tar,targ,78,0.672044
11,cohort,st^di,start,g^tar,comp,78,-0.010764
11,cohort,st^di,start,g^tar,ctrl,78,-0.010764
11,cohort,st^di,start,g^tar,targ,79,0.676254
11,cohort,st^di,start,g^tar,comp,79,-0.010889
11,cohort,st^di,start,g^tar,ctrl,79,-0.010889
11,cohort,st^di,start,g^tar,targ,80,0.680330
11,cohort,st^di,start,g^tar,comp,80,-0.011020
11,cohort,st^di,start,g^tar,ctrl,80,-0.011020
11,cohort,st^di,start,g^tar,targ,81,0.684288
11,cohort,st^di,start,g^tar,comp,81,-0.011158
11,cohort,st^di,start,g^tar,ctrl,81,-0.011158
11,cohort,st^di,start,g^tar,targ,82,0.688138
11,cohort,st^di,start,g^tar,comp,82,-0.011302
11,cohort,st^di,start,g^tar,ctrl,82,-0.011302
11,cohort,st^di,start,g^tar,targ,83,0.691868
11,cohort,st^di,start,g^tar,comp,83,-0.011450
11,cohort,st^di,start,g^tar,ctrl,83,-0.011450
11,cohort,st^di,start,g^tar,targ,84,0.695467
11,cohort,st^di,start,g^tar,comp,84,-0.011602
11,cohort,st^di,start,g^tar,ctrl,84,-0.011602
11,cohort,st^di,start,g^tar,targ,85,0.698932
11,cohort,st^di,start,g^tar,comp,85,-0.011756
11,cohort,st^di,start,g^tar,ctrl,85,-0.011756
11,cohort,st^di,start,g^tar,targ,86,0.702219
11,cohort,st^di,start,g^tar,comp,86,-0.011912
11,cohort,st^di,start,g^tar,ctrl,86,-0.011912
11,cohort,st^di,start,g^tar,targ,87,0.705282
11,cohort,st^di,start,g^tar,comp,87,-0.012070
11,cohort,st^di,start,g^tar,ctrl,87,-0.012070
11,cohort,st^di,start,g^tar,targ,88,0.708079
11,cohort,st^di,start,g^tar,comp,88,-0.012227
11,cohort,st^di,start,g^tar,ctrl,88,-0.012227
11,cohort,st^di,start,g^tar,targ,89,0.710570
11,cohort,st^di,start,g^tar,comp,89,-0.012383
11,cohort,st^di,start,g^tar,ctrl,89,-0.012383
11,cohort,st^di,start,g^tar,targ,90,0.712720
11,cohort,st^di,start,g^tar,comp,90,-0.012538
11,cohort,st^di,start,g^tar,ctrl,90,-0.012538
12,cohort,badi,bark,^pil,targ,1,-0.010000
12,cohort,badi,bark,^pil,comp,1,-0.010000
12,cohort,badi,bark,^pil,ctrl,1,-0.010000
12,cohort,badi,bark,^pil,targ,2,-0.010000
12,cohort,badi,bark,^pil,comp,2,-0.010000
12,cohort,badi,bark,^pil,ctrl,2,-0.010000
12,cohort,badi,bark,^pil,targ,3,-0.010000
12,cohort,badi,bark,^pil,comp,3,-0.010000
12,cohort,badi,bark,^pil,ctrl,3,-0.010000
12,cohort,badi,bark,^pil,targ,4,-0.010000
12,cohort,badi,bark,^pil,comp,4,-0.010000
12,cohort,badi,bark,^pil,ctrl,4,-0.010000
12,cohort,badi,bark,^pil,targ,5,-0.010000
12,cohort,badi,bark,^pil,comp,5,-0.010000
12,cohort,badi,bark,^pil,ctrl,5,-0.010000
12,cohort,badi,bark,^pil,targ,6,-0.010000
12,cohort,badi,bark,^pil,comp,6,-0.010000
12,cohort,badi,bark,^pil,ctrl,6,-0.010000
12,cohort,badi,bark,^pil,targ,7,-0.010000
12,cohort,badi,bark,^pil,comp,7,-0.010000
12,cohort,badi,bark,^pil,ctrl,7,-0.010000
12,cohort,badi,bark,^pil,targ,8,-0.010000
12,cohort,badi,bark,^pil,comp,8,-0.010000
12,cohort,badi,bark,^pil,ctrl,8,-0.010000
12,cohort,badi,bark,^pil,targ,9,-0.010000
12,cohort,badi,bark,^pil,comp,9,-0.010000
12,cohort,badi,bark,^pil,ctrl,9,-0.010000
12,cohort,badi,bark,^pil,targ,10,-0.010000
12,cohort,badi,bark,^pil,comp,10,-0.010000
12,cohort,badi,bark,^pil,ctrl,10,-0.010000
12,cohort,badi,bark,^pil,targ,11,-0.010000
12,cohort,badi,bark,^pil,comp,11,-0.010000
12,cohort,badi,bark,^pil,ctrl,11,-0.010000
12,cohort,badi,bark,^pil,targ,12,-0.010000
12,cohort,badi,bark,^pil,comp,12,-0.010000
12,cohort,badi,bark,^pil,ctrl,12,-0.010000
12,cohort,badi,bark,^pil,targ,13,-0.010000
12,cohort,badi,bark,^pil,comp,13,-0.010000
12,cohort,badi,bark,^pil,ctrl,13,-0.010000
12,cohort,badi,bark,^pil,targ,14,-0.010000
12,cohort,badi,bark,^pil,comp,14,-0.010000
12,cohort,badi,bark,^pil,ctrl,14,-0.010000
12,cohort,badi,bark,^pil,targ,15,-0.010000
12,cohort,badi,bark,^pil,comp,15,-0.010000
12,cohort,badi,bark,^pil,ctrl,15,-0.010000
12,cohort,badi,bark,^pil,targ,16,-0.010000
12,cohort,badi,bark,^pil,comp,16,-0.010000
12,cohort,badi,bark,^pil,ctrl,16,-0.010000
12,cohort,badi,bark,^pil,targ,17,-0.010000
12,cohort,badi,bark,^pil,comp,17,-0.010000
12,cohort,badi,bark,^pil,ctrl,17,-0.010000
12,cohort,badi,bark,^pil,targ,18,-0.010000
12,cohort,badi,bark,^pil,comp,18,-0.010000
12,cohort,badi,bark,^pil,ctrl,18,-0.010000
12,cohort,badi,bark,^pil,targ,19,-0.010000
12,cohort,badi,bark,^pil,comp,19,-0.010000
12,cohort,badi,bark,^pil,ctrl,19,-0.010000
12,cohort,badi,bark,^pil,targ,20,-0.010000
12,cohort,badi,bark,^pil,comp,20,-0.010000
12,cohort,badi,bark,^pil,ctrl,20,-0.010000
12,cohort,badi,bark,^pil,targ,21,-0.008341
12,cohort,badi,bark,^pil,comp,21,-0.008341
12,cohort,badi,bark,^pil,ctrl,21,-0.010000
12,cohort,badi,bark,^pil,targ,22,-0.003402
12,cohort,badi,bark,^pil,comp,22,-0.003402
12,cohort,badi,bark,^pil,ctrl,22,-0.010000
12,cohort,badi,bark,^pil,targ,23,0.005767
12,cohort,badi,bark,^pil,comp,23,0.005767
12,cohort,badi,bark,^pil,ctrl,23,-0.009184
12,cohort,badi,bark,^pil,targ,24,0.017676
12,cohort,badi,bark,^pil,comp,24,0.017676
12,cohort,badi,bark,^pil,ctrl,24,-0.006677
12,cohort,badi,bark,^pil,targ,25,0.029440
12,cohort,badi,bark,^pil,comp,25,0.029440
12,cohort,badi,bark,^pil,ctrl,25,-0.005554
12,cohort,badi,bark,^pil,targ,26,0.037993
12,cohort,badi,bark,^pil,comp,26,0.037993
12,cohort,badi,bark,^pil,ctrl,26,-0.006704
12,cohort,badi,bark,^pil,targ,27,0.044475
12,cohort,badi,bark,^pil,comp,27,0.044475
12,cohort,badi,bark,^pil,ctrl,27,-0.009172
12,cohort,badi,bark,^pil,targ,28,0.051385
12,cohort,badi,bark,^pil,comp,28,0.051385
12,cohort,badi,bark,^pil,ctrl,28,-0.010003
12,cohort,badi,bark,^pil,targ,29,0.059421
12,cohort,badi,bark,^pil,comp,29,0.059421
12,cohort,badi,bark,^pil,ctrl,29,-0.010003
12,cohort,badi,bark,^pil,targ,30,0.067432
12,cohort,badi,bark,^pil,comp,30,0.067432
12,cohort,badi,bark,^pil,ctrl,30,-0.010002
12,cohort,badi,bark,^pil,targ,31,0.074920
12,cohort,badi,bark,^pil,comp,31,0.074920
12,cohort,badi,bark,^pil,ctrl,31,-0.010002
12,cohort,badi,bark,^pil,targ,32,0.081957
12,cohort,badi,bark,^pil,comp,32,0.081957
12,cohort,badi,bark,^pil,ctrl,32,-0.010002
12,cohort,badi,bark,^pil,targ,33,0.090026
12,cohort,badi,bark,^pil,comp,33,0.088540
12,cohort,badi,bark,^pil,ctrl,33,-0.010002
12,cohort,badi,bark,^pil,targ,34,0.100385
12,cohort,badi,bark,^pil,comp,34,0.094323
12,cohort,badi,bark,^pil,ctrl,34,-0.010002
12,cohort,badi,bark,^pil,targ,35,0.112762
12,cohort,badi,bark,^pil,comp,35,0.098495
12,cohort,badi,bark,^pil,ctrl,35,-0.010002
12,cohort,badi,bark,^pil,targ,36,0.125727
12,cohort,badi,bark,^pil,comp,36,0.100414
12,cohort,badi,bark,^pil,ctrl,36,-0.010002
12,cohort,badi,bark,^pil,targ,37,0.138954
12,cohort,badi,bark,^pil,comp,37,0.100900
12,cohort,badi,bark,^pil,ctrl,37,-0.010002
12,cohort,badi,bark,^pil,targ,38,0.152280
12,cohort,badi,bark,^pil,comp,38,0.100069
12,cohort,badi,bark,^pil,ctrl,38,-0.010002
12,cohort,badi,bark,^pil,targ,39,0.167104
12,cohort,badi,bark,^pil,comp,39,0.097630
12,cohort,badi,bark,^pil,ctrl,39,-0.010002
12,cohort,badi,bark,^pil,targ,40,0.184236
12,cohort,badi,bark,^pil,comp,40,0.093358
12,cohort,badi,bark,^pil,ctrl,40,-0.010001
12,cohort,badi,bark,^pil,targ,41,0.203661
12,cohort,badi,bark,^pil,comp,41,0.087654
12,cohort,badi,bark,^pil,ctrl,41,-0.010001
12,cohort,badi,bark,^pil,targ,42,0.224553
12,cohort,badi,bark,^pil,comp,42,0.081055
12,cohort,badi,bark,^pil,ctrl,42,-0.010001
12,cohort,badi,bark,^pil,targ,43,0.246054
12,cohort,badi,bark,^pil,comp,43,0.073548
12,cohort,badi,bark,^pil,ctrl,43,-0.010001
12,cohort,badi,bark,^pil,targ,44,0.267678
12,cohort,badi,bark,^pil,comp,44,0.065265
12,cohort,badi,bark,^pil,ctrl,44,-0.010001
12,cohort,badi,bark,^pil,targ,45,0.289295
12,cohort,badi,bark,^pil,comp,45,0.056400
12,cohort,badi,bark,^pil,ctrl,45,-0.010001
12,cohort,badi,bark,^pil,targ,46,0.310749
12,cohort,badi,bark,^pil,comp,46,0.047072
12,cohort,badi,bark,^pil,ctrl,46,-0.010001
12,cohort,badi,bark,^pil,targ,47,0.331789
12,cohort,badi,bark,^pil,comp,47,0.037317
12,cohort,badi,bark,^pil,ctrl,47,-0.010001
12,cohort,badi,bark,^pil,targ,48,0.352238
12,cohort,badi,bark,^pil,comp,48,0.027204
12,cohort,badi,bark,^pil,ctrl,48,-0.010001
12,cohort,badi,bark,^pil,targ,49,0.372006
12,cohort,badi,bark,^pil,comp,49,0.016825
12,cohort,badi,bark,^pil,ctrl,49,-0.010001
12,cohort,badi,bark,^pil,targ,50,0.390945
12,cohort,badi,bark,^pil,comp,50,0.006230
12,cohort,badi,bark,^pil,ctrl,50,-0.010001
12,cohort,badi,bark,^pil,targ,51,0.408987
12,cohort,badi,bark,^pil,comp,51,-0.004500
12,cohort,badi,bark,^pil,ctrl,51,-0.010001
12,cohort,badi,bark,^pil,targ,52,0.426107
12,cohort,badi,bark,^pil,comp,52,-0.010001
12,cohort,badi,bark,^pil,ctrl,52,-0.010001
12,cohort,badi,bark,^pil,targ,53,0.442398
12,cohort,badi,bark,^pil,comp,53,-0.010001
12,cohort,badi,bark,^pil,ctrl,53,-0.010001
12,cohort,badi,bark,^pil,targ,54,0.457900
12,cohort,badi,bark,^pil,comp,54,-0.010001
12,cohort,badi,bark,^pil,ctrl,54,-0.010001
12,cohort,badi,bark,^pil,targ,55,0.472565
12,cohort,badi,bark,^pil,comp,55,-0.010001
12,cohort,badi,bark,^pil,ctrl,55,-0.010001
12,cohort,badi,bark,^pil,targ,56,0.486372
12,cohort,badi,bark,^pil,comp,56,-0.010001
12,cohort,badi,bark,^pil,ctrl,56,-0.010001
12,cohort,badi,bark,^pil,targ,57,0.499295
12,cohort,badi,bark,^pil,comp,57,-0.010001
12,cohort,badi,bark,^pil,ctrl,57,-0.010001
12,cohort,badi,bark,^pil,targ,58,0.511336
12,cohort,badi,bark,^pil,comp,58,-0.010001
12,cohort,badi,bark,^pil,ctrl,58,-0.010001
12,cohort,badi,bark,^pil,targ,59,0.522477
12,cohort,badi,bark,^pil,comp,59,-0.010001
12,cohort,badi,bark,^pil,ctrl,59,-0.010001
12,cohort,badi,bark,^pil,targ,60,0.532712
12,cohort,badi,bark,^pil,comp,60,-0.010001
12,cohort,badi,bark,^pil,ctrl,60,-0.010001
12,cohort,badi,bark,^pil,targ,61,0.542041
12,cohort,badi,bark,^pil,comp,61,-0.010000
12,cohort,badi,bark,^pil,ctrl,61,-0.010000
12,cohort,badi,bark,^pil,targ,62,0.550465
12,cohort,badi,bark,^pil,comp,62,-0.010000
12,cohort,badi,bark,^pil,ctrl,62,-0.010000
12,cohort,badi,bark,^pil,targ,63,0.557991
12,cohort,badi,bark,^pil,comp,63,-0.010000
12,cohort,badi,bark,^pil,ctrl,63,-0.010000
12,cohort,badi,bark,^pil,targ,64,0.564646
12,cohort,badi,bark,^pil,comp,64,-0.010000
12,cohort,badi,bark,^pil,ctrl,64,-0.010000
12,cohort,badi,bark,^pil,targ,65,0.570460
12,cohort,badi,bark,^pil,comp,65,-0.010000
12,cohort,badi,bark,^pil,ctrl,65,-0.010000
12,cohort,badi,bark,^pil,targ,66,0.575479
12,cohort,badi,bark,^pil,comp,66,-0.010000
12,cohort,badi,bark,^pil,ctrl,66,-0.010000
12,cohort,badi,bark,^pil,targ,67,0.579769
12,cohort,badi,bark,^pil,comp,67,-0.010000
12,cohort,badi,bark,^pil,ctrl,67,-0.010000
12,cohort,badi,bark,^pil,targ,68,0.583416
12,cohort,badi,bark,^pil,comp,68,-0.010000
12,cohort,badi,bark,^pil,ctrl,68,-0.010000
12,cohort,badi,bark,^pil,targ,69,0.586516
12,cohort,badi,bark,^pil,comp,69,-0.010000
12,cohort,badi,bark,^pil,ctrl,69,-0.010000
12,cohort,badi,bark,^pil,targ,70,0.589173
12,cohort,badi,bark,^pil,comp,70,-0.010000
12,cohort,badi,bark,^pil,ctrl,70,-0.010000
12,cohort,badi,bark,^pil,targ,71,0.591497
12,cohort,badi,bark,^pil,comp,71,-0.010000
12,cohort,badi,bark,^pil,ctrl,71,-0.010000
12,cohort,badi,bark,^pil,targ,72,0.593571
12,cohort,badi,bark,^pil,comp,72,-0.010000
12,cohort,badi,bark,^pil,ctrl,72,-0.010000
12,cohort,badi,bark,^pil,targ,73,0.595459
12,cohort,badi,bark,^pil,comp,73,-0.010000
12,cohort,badi,bark,^pil,ctrl,73,-0.010000
12,cohort,badi,bark,^pil,targ,74,0.597214
12,cohort,badi,bark,^pil,comp,74,-0.010000
12,cohort,badi,bark,^pil,ctrl,74,-0.010000
12,cohort,badi,bark,^pil,targ,75,0.598876
12,cohort,badi,bark,^pil,comp,75,-0.010000
12,cohort,badi,bark,^pil,ctrl,75,-0.010000
12,cohort,badi,bark,^pil,targ,76,0.600480
12,cohort,badi,bark,^pil,comp,76,-0.010000
12,cohort,badi,bark,^pil,ctrl,76,-0.010000
12,cohort,badi,bark,^pil,targ,77,0.602052
12,cohort,badi,bark,^pil,comp,77,-0.010000
12,cohort,badi,bark,^pil,ctrl,77,-0.010000
12,cohort,badi,bark,^pil,targ,78,0.603614
12,cohort,badi,bark,^pil,comp,78,-0.010000
12,cohort,badi,bark,^pil,ctrl,78,-0.010000
12,cohort,badi,bark,^pil,targ,79,0.605181
12,cohort,badi,bark,^pil,comp,79,-0.010000
12,cohort,badi,bark,^pil,ctrl,79,-0.010000
12,cohort,badi,bark,^pil,targ,80,0.606765
12,cohort,badi,bark,^pil,comp,80,-0.010000
12,cohort,badi,bark,^pil,ctrl,80,-0.010000
12,cohort,badi,bark,^pil,targ,81,0.608374
12,cohort,badi,bark,^pil,comp,81,-0.010000
12,cohort,badi,bark,^pil,ctrl,81,-0.010000
12,cohort,badi,bark,^pil,targ,82,0.610014
12,cohort,badi,bark,^pil,comp,82,-0.010000
12,cohort,badi,bark,^pil,ctrl,82,-0.010000
12,cohort,badi,bark,^pil,targ,83,0.611687
12,cohort,badi,bark,^pil,comp,83,-0.010000
12,cohort,badi,bark,^pil,ctrl,83,-0.010000
12,cohort,badi,bark,^pil,targ,84,0.613395
12,cohort,badi,bark,^pil,comp,84,-0.010000
12,cohort,badi,bark,^pil,ctrl,84,-0.010000
12,cohort,badi,bark,^pil,targ,85,0.615136
12,cohort,badi,bark,^pil,comp,85,-0.010000
12,cohort,badi,bark,^pil,ctrl,85,-0.010000
12,cohort,badi,bark,^pil,targ,86,0.616910
12,cohort,badi,bark,^pil,comp,86,-0.010000
12,cohort,badi,bark,^pil,ctrl,86,-0.010000
12,cohort,badi,bark,^pil,targ,87,0.618712
12,cohort,badi,bark,^pil,comp,87,-0.010000
12,cohort,badi,bark,^pil,ctrl,87,-0.010000
12,cohort,badi,bark,^pil,targ,88,0.620536
12,cohort,badi,bark,^pil,comp,88,-0.010000
12,cohort,badi,bark,^pil,ctrl,88,-0.010000
12,cohort,badi,bark,^pil,targ,89,0.622366
12,cohort,badi,bark,^pil,comp,89,-0.010000
12,cohort,badi,bark,^pil,ctrl,89,-0.010000
12,cohort,badi,bark,^pil,targ,90,0.624179
12,cohort,badi,bark,^pil,comp,90,-0.010000
12,cohort,badi,bark,^pil,ctrl,90,-0.010000
13,cohort,gad,gat,ist,targ,1,-0.010000
13,cohort,gad,gat,ist,comp,1,-0.010000
13,cohort,gad,gat,ist,ctrl,1,-0.010000
13,cohort,gad,gat,ist,targ,2,-0.010000
13,cohort,gad,gat,ist,comp,2,-0.010000
13,cohort,gad,gat,ist,ctrl,2,-0.010000
13,cohort,gad,gat,ist,targ,3,-0.010000
13,cohort,gad,gat,ist,comp,3,-0.010000
13,cohort,gad,gat,ist,ctrl,3,-0.010000
13,cohort,gad,gat,ist,targ,4,-0.010000
13,cohort,gad,gat,ist,comp,4,-0.010000
13,cohort,gad,gat,ist,ctrl,4,-0.010000
13,cohort,gad,gat,ist,targ,5,-0.010000
13,cohort,gad,gat,ist,comp,5,-0.010000
13,cohort,gad,gat,ist,ctrl,5,-0.010000
13,cohort,gad,gat,ist,targ,6,-0.010000
13,cohort,gad,gat,ist,comp,6,-0.010000
13,cohort,gad,gat,ist,ctrl,6,-0.010000
13,cohort,gad,gat,ist,targ,7,-0.010000
13,cohort,gad,gat,ist,comp,7,-0.010000
13,cohort,gad,gat,ist,ctrl,7,-0.010000
13,cohort,gad,gat,ist,targ,8,-0.010000
13,cohort,gad,gat,ist,comp,8,-0.010000
13,cohort,gad,gat,ist,ctrl,8,-0.010000
13,cohort,gad,gat,ist,targ,9,-0.010000
13,cohort,gad,gat,ist,comp,9,-0.010000
13,cohort,gad,gat,ist,ctrl,9,-0.010000
13,cohort,gad,gat,ist,targ,10,-0.010000
13,cohort,gad,gat,ist,comp,10,-0.010000
13,cohort,gad,gat,ist,ctrl,10,-0.010000
13,cohort,gad,gat,ist,targ,11,-0.010000
13,cohort,gad,gat,ist,comp,11,-0.010000
13,cohort,gad,gat,ist,ctrl,11,-0.010000
13,cohort,gad,gat,ist,targ,12,-0.010000
13,cohort,gad,gat,ist,comp,12,-0.010000
13,cohort,gad,gat,ist,ctrl,12,-0.010000
13,cohort,gad,gat,ist,targ,13,-0.010000
13,cohort,gad,gat,ist,comp,13,-0.010000
13,cohort,gad,gat,ist,ctrl,13,-0.010000
13,cohort,gad,gat,ist,targ,14,-0.010000
13,cohort,gad,gat,ist,comp,14,-0.010000
13,cohort,gad,gat,ist,ctrl,14,-0.010000
13,cohort,gad,gat,ist,targ,15,-0.010000
13,cohort,gad,gat,ist,comp,15,-0.010000
13,cohort,gad,gat,ist,ctrl,15,-0.010000
13,cohort,gad,gat,ist,targ,16,-0.010000
13,cohort,gad,gat,ist,comp,16,-0.010000
13,cohort,gad,gat,ist,ctrl,16,-0.010000
13,cohort,gad,gat,ist,targ,17,-0.010000
13,cohort,gad,gat,ist,comp,17,-0.010000
13,cohort,gad,gat,ist,ctrl,17,-0.010000
13,cohort,gad,gat,ist,targ,18,-0.010000
13,cohort,gad,gat,ist,comp,18,-0.010000
13,cohort,gad,gat,ist,ctrl,18,-0.010000
13,cohort,gad,gat,ist,targ,19,-0.010000
13,cohort,gad,gat,ist,comp,19,-0.010000
13,cohort,gad,gat,ist,ctrl,19,-0.010000
13,cohort,gad,gat,ist,targ,20,-0.010000
13,cohort,gad,gat,ist,comp,20,-0.010000
13,cohort,gad,gat,ist,ctrl,20,-0.010000
13,cohort,gad,gat,ist,targ,21,-0.008259
13,cohort,gad,gat,ist,comp,21,-0.008259
13,cohort,gad,gat,ist,ctrl,21,-0.010000
13,cohort,gad,gat,ist,targ,22,-0.003112
13,cohort,gad,gat,ist,comp,22,-0.003112
13,cohort,gad,gat,ist,ctrl,22,-0.010000
13,cohort,gad,gat,ist,targ,23,0.006755
13,cohort,gad,gat,ist,comp,23,0.006755
13,cohort,gad,gat,ist,ctrl,23,-0.010000
13,cohort,gad,gat,ist,targ,24,0.019991
13,cohort,gad,gat,ist,comp,24,0.019991
13,cohort,gad,gat,ist,ctrl,24,-0.010000
13,cohort,gad,gat,ist,targ,25,0.034592
13,cohort,gad,gat,ist,comp,25,0.034592
13,cohort,gad,gat,ist,ctrl,25,-0.010000
13,cohort,gad,gat,ist,targ,26,0.048025
13,cohort,gad,gat,ist,comp,26,0.048025
13,cohort,gad,gat,ist,ctrl,26,-0.010000
13,cohort,gad,gat,ist,targ,27,0.060662
13,cohort,gad,gat,ist,comp,27,0.060662
13,cohort,gad,gat,ist,ctrl,27,-0.010000
13,cohort,gad,gat,ist,targ,28,0.074080
13,cohort,gad,gat,ist,comp,28,0.074080
13,cohort,gad,gat,ist,ctrl,28,-0.010000
13,cohort,gad,gat,ist,targ,29,0.089112
13,cohort,gad,gat,ist,comp,29,0.089112
13,cohort,gad,gat,ist,ctrl,29,-0.010000
13,cohort,gad,gat,ist,targ,30,0.104483
13,cohort,gad,gat,ist,comp,30,0.104483
13,cohort,gad,gat,ist,ctrl,30,-0.010000
13,cohort,gad,gat,ist,targ,31,0.119462
13,cohort,gad,gat,ist,comp,31,0.119462
13,cohort,gad,gat,ist,ctrl,31,-0.010000
13,cohort,gad,gat,ist,targ,32,0.134005
13,cohort,gad,gat,ist,comp,32,0.134005
13,cohort,gad,gat,ist,ctrl,32,-0.010000
13,cohort,gad,gat,ist,targ,33,0.149717
13,cohort,gad,gat,ist,comp,33,0.148720
13,cohort,gad,gat,ist,ctrl,33,-0.010000
13,cohort,gad,gat,ist,targ,34,0.167633
13,cohort,gad,gat,ist,comp,34,0.164638
13,cohort,gad,gat,ist,ctrl,34,-0.010000
13,cohort,gad,gat,ist,targ,35,0.187818
13,cohort,gad,gat,ist,comp,35,0.181654
13,cohort,gad,gat,ist,ctrl,35,-0.010000
13,cohort,gad,gat,ist,targ,36,0.209013
13,cohort,gad,gat,ist,comp,36,0.198560
13,cohort,gad,gat,ist,ctrl,36,-0.010000
13,cohort,gad,gat,ist,targ,37,0.230041
13,cohort,gad,gat,ist,comp,37,0.214361
13,cohort,gad,gat,ist,ctrl,37,-0.010000
13,cohort,gad,gat,ist,targ,38,0.250323
13,cohort,gad,gat,ist,comp,38,0.228572
13,cohort,gad,gat,ist,ctrl,38,-0.010000
13,cohort,gad,gat,ist,targ,39,0.269472
13,cohort,gad,gat,ist,comp,39,0.240891
13,cohort,gad,gat,ist,ctrl,39,-0.010000
13,cohort,gad,gat,ist,targ,40,0.287285
13,cohort,gad,gat,ist,comp,40,0.251167
13,cohort,gad,gat,ist,ctrl,40,-0.010000
13,cohort,gad,gat,ist,targ,41,0.303710
13,cohort,gad,gat,ist,comp,41,0.259372
13,cohort,gad,gat,ist,ctrl,41,-0.010000
13,cohort,gad,gat,ist,targ,42,0.318761
13,cohort,gad,gat,ist,comp,42,0.265514
13,cohort,gad,gat,ist,ctrl,42,-0.010000
13,cohort,gad,gat,ist,targ,43,0.332578
13,cohort,gad,gat,ist,comp,43,0.269769
13,cohort,gad,gat,ist,ctrl,43,-0.010000
13,cohort,gad,gat,ist,targ,44,0.345420
13,cohort,gad,gat,ist,comp,44,0.272392
13,cohort,gad,gat,ist,ctrl,44,-0.010000
13,cohort,gad,gat,ist,targ,45,0.357507
13,cohort,gad,gat,ist,comp,45,0.273575
13,cohort,gad,gat,ist,ctrl,45,-0.010000
13,cohort,gad,gat,ist,targ,46,0.368959
13,cohort,gad,gat,ist,comp,46,0.273455
13,cohort,gad,gat,ist,ctrl,46,-0.010000
13,cohort,gad,gat,ist,targ,47,0.379896
13,cohort,gad,gat,ist,comp,47,0.272166
13,cohort,gad,gat,ist,ctrl,47,-0.010000
13,cohort,gad,gat,ist,targ,48,0.390432
13,cohort,gad,gat,ist,comp,48,0.269826
13,cohort,gad,gat,ist,ctrl,48,-0.010000
13,cohort,gad,gat,ist,targ,49,0.400651
13,cohort,gad,gat,ist,comp,49,0.266528
13,cohort,gad,gat,ist,ctrl,49,-0.010000
13,cohort,gad,gat,ist,targ,50,0.410597
13,cohort,gad,gat,ist,comp,50,0.262323
13,cohort,gad,gat,ist,ctrl,50,-0.010000
13,cohort,gad,gat,ist,targ,51,0.420303
13,cohort,gad,gat,ist,comp,51,0.257253
13,cohort,gad,gat,ist,ctrl,51,-0.010000
13,cohort,gad,gat,ist,targ,52,0.429776
13,cohort,gad,gat,ist,comp,52,0.251394
13,cohort,gad,gat,ist,ctrl,52,-0.010000
13,cohort,gad,gat,ist,targ,53,0.439004
13,cohort,gad,gat,ist,comp,53,0.244963
13,cohort,gad,gat,ist,ctrl,53,-0.010000
13,cohort,gad,gat,ist,targ,54,0.447935
13,cohort,gad,gat,ist,comp,54,0.237913
13,cohort,gad,gat,ist,ctrl,54,-0.010000
13,cohort,gad,gat,ist,targ,55,0.456504
13,cohort,gad,gat,ist,comp,55,0.230169
13,cohort,gad,gat,ist,ctrl,55,-0.010000
13,cohort,gad,gat,ist,targ,56,0.464668
13,cohort,gad,gat,ist,comp,56,0.221680
13,cohort,gad,gat,ist,ctrl,56,-0.010000
13,cohort,gad,gat,ist,targ,57,0.472407
13,cohort,gad,gat,ist,comp,57,0.212427
13,cohort,gad,gat,ist,ctrl,57,-0.010000
13,cohort,gad,gat,ist,targ,58,0.479717
13,cohort,gad,gat,ist,comp,58,0.202399
13,cohort,gad,gat,ist,ctrl,58,-0.010000
13,cohort,gad,gat,ist,targ,59,0.486589
13,cohort,gad,gat,ist,comp,59,0.191652
13,cohort,gad,gat,ist,ctrl,59,-0.010000
13,cohort,gad,gat,ist,targ,60,0.493033
13,cohort,gad,gat,ist,comp,60,0.180641
13,cohort,gad,gat,ist,ctrl,60,-0.010000
13,cohort,gad,gat,ist,targ,61,0.499049
13,cohort,gad,gat,ist,comp,61,0.169429
13,cohort,gad,gat,ist,ctrl,61,-0.010000
13,cohort,gad,gat,ist,targ,62,0.504639
13,cohort,gad,gat,ist,comp,62,0.158077
13,cohort,gad,gat,ist,ctrl,62,-0.010000
13,cohort,gad,gat,ist,targ,63,0.509805
13,cohort,gad,gat,ist,comp,63,0.146646
13,cohort,gad,gat,ist,ctrl,63,-0.010000
13,cohort,gad,gat,ist,targ,64,0.514555
13,cohort,gad,gat,ist,comp,64,0.135198
13,cohort,gad,gat,ist,ctrl,64,-0.010000
13,cohort,gad,gat,ist,targ,65,0.518899
13,cohort,gad,gat,ist,comp,65,0.123794
13,cohort,gad,gat,ist,ctrl,65,-0.010000
13,cohort,gad,gat,ist,targ,66,0.522863
13,cohort,gad,gat,ist,comp,66,0.112504
13,cohort,gad,gat,ist,ctrl,66,-0.010000
13,cohort,gad,gat,ist,targ,67,0.526470
13,cohort,gad,gat,ist,comp,67,0.101387
13,cohort,gad,gat,ist,ctrl,67,-0.010000
13,cohort,gad,gat,ist,targ,68,0.529736
13,cohort,gad,gat,ist,comp,68,0.090495
13,cohort,gad,gat,ist,ctrl,68,-0.010000
13,cohort,gad,gat,ist,targ,69,0.532678
13,cohort,gad,gat,ist,comp,69,0.079868
13,cohort,gad,gat,ist,ctrl,69,-0.010000
13,cohort,gad,gat,ist,targ,70,0.535312
13,cohort,gad,gat,ist,comp,70,0.069545
13,cohort,gad,gat,ist,ctrl,70,-0.010000
13,cohort,gad,gat,ist,targ,71,0.537655
13,cohort,gad,gat,ist,comp,71,0.059556
13,cohort,gad,gat,ist,ctrl,71,-0.010000
13,cohort,gad,gat,ist,targ,72,0.539724
13,cohort,gad,gat,ist,comp,72,0.049925
13,cohort,gad,gat,ist,ctrl,72,-0.010000
13,cohort,gad,gat,ist,targ,73,0.541543
13,cohort,gad,gat,ist,comp,73,0.040677
13,cohort,gad,gat,ist,ctrl,73,-0.010000
13,cohort,gad,gat,ist,targ,74,0.543137
13,cohort,gad,gat,ist,comp,74,0.031834
13,cohort,gad,gat,ist,ctrl,74,-0.010000
13,cohort,gad,gat,ist,targ,75,0.544528
13,cohort,gad,gat,ist,comp,75,0.023421
13,cohort,gad,gat,ist,ctrl,75,-0.010000
13,cohort,gad,gat,ist,targ,76,0.545738
13,cohort,gad,gat,ist,comp,76,0.015515
13,cohort,gad,gat,ist,ctrl,76,-0.010000
13,cohort,gad,gat,ist,targ,77,0.546778
13,cohort,gad,gat,ist,comp,77,0.008103
13,cohort,gad,gat,ist,ctrl,77,-0.010000
13,cohort,gad,gat,ist,targ,78,0.547662
13,cohort,gad,gat,ist,comp,78,0.001171
13,cohort,gad,gat,ist,ctrl,78,-0.010000
13,cohort,gad,gat,ist,targ,79,0.548401
13,cohort,gad,gat,ist,comp,79,-0.005301
13,cohort,gad,gat,ist,ctrl,79,-0.010000
13,cohort,gad,gat,ist,targ,80,0.549010
13,cohort,gad,gat,ist,comp,80,-0.010000
13,cohort,gad,gat,ist,ctrl,80,-0.010000
13,cohort,gad,gat,ist,targ,81,0.549507
13,cohort,gad,gat,ist,comp,81,-0.010000
13,cohort,gad,gat,ist,ctrl,81,-0.010000
13,cohort,gad,gat,ist,targ,82,0.549910
13,cohort,gad,gat,ist,comp,82,-0.010000
13,cohort,gad,gat,ist,ctrl,82,-0.010000
13,cohort,gad,gat,ist,targ,83,0.550232
13,cohort,gad,gat,ist,comp,83,-0.010000
13,cohort,gad,gat,ist,ctrl,83,-0.010000
13,cohort,gad,gat,ist,targ,84,0.550487
13,cohort,gad,gat,ist,comp,84,-0.010000
13,cohort,gad,gat,ist,ctrl,84,-0.010000
13,cohort,gad,gat,ist,targ,85,0.550685
13,cohort,gad,gat,ist,comp,85,-0.010000
13,cohort,gad,gat,ist,ctrl,85,-0.010000
13,cohort,gad,gat,ist,targ,86,0.550834
13,cohort,gad,gat,ist,comp,86,-0.010000
13,cohort,gad,gat,ist,ctrl,86,-0.010000
13,cohort,gad,gat,ist,targ,87,0.550943
13,cohort,gad,gat,ist,comp,87,-0.010000
13,cohort,gad,gat,ist,ctrl,87,-0.010000
13,cohort,gad,gat,ist,targ,88,0.551018
13,cohort,gad,gat,ist,comp,88,-0.010000
13,cohort,gad,gat,ist,ctrl,88,-0.010000
13,cohort,gad,gat,ist,targ,89,0.551076
13,cohort,gad,gat,ist,comp,89,-0.010000
13,cohort,gad,gat,ist,ctrl,89,-0.010000
13,cohort,gad,gat,ist,targ,90,0.551197
13,cohort,gad,gat,ist,comp,90,-0.010000
13,cohort,gad,gat,ist,ctrl,90,-0.010000
14,cohort,strit,start,g^tar,targ,1,-0.010000
14,cohort,strit,start,g^tar,comp,1,-0.010000
14,cohort,strit,start,g^tar,ctrl,1,-0.010000
14,cohort,strit,start,g^tar,targ,2,-0.010000
14,cohort,strit,start,g^tar,comp,2,-0.010000
14,cohort,strit,start,g^tar,ctrl,2,-0.010000
14,cohort,strit,start,g^tar,targ,3,-0.010000
14,cohort,strit,start,g^tar,comp,3,-0.010000
14,cohort,strit,start,g^tar,ctrl,3,-0.010000
14,cohort,strit,start,g^tar,targ,4,-0.010000
14,cohort,strit,start,g^tar,comp,4,-0.010000
14,cohort,strit,start,g^tar,ctrl,4,-0.010000
14,cohort,strit,start,g^tar,targ,5,-0.010000
14,cohort,strit,start,g^tar,comp,5,-0.010000
14,cohort,strit,start,g^tar,ctrl,5,-0.010000
14,cohort,strit,start,g^tar,targ,6,-0.010000
14,cohort,strit,start,g^tar,comp,6,-0.010000
14,cohort,strit,start,g^tar,ctrl,6,-0.010000
14,cohort,strit,start,g^tar,targ,7,-0.010000
14,cohort,strit,start,g^tar,comp,7,-0.010000
14,cohort,strit,start,g^tar,ctrl,7,-0.010000
14,cohort,strit,start,g^tar,targ,8,-0.010000
14,cohort,strit,start,g^tar,comp,8,-0.010000
14,cohort,strit,start,g^tar,ctrl,8,-0.010000
14,cohort,strit,start,g^tar,targ,9,-0.010000
14,cohort,strit,start,g^tar,comp,9,-0.010000
14,cohort,strit,start,g^tar,ctrl,9,-0.010000
14,cohort,strit,start,g^tar,targ,10,-0.010000
14,cohort,strit,start,g^tar,comp,10,-0.010000
14,cohort,strit,start,g^tar,ctrl,10,-0.010000
14,cohort,strit,start,g^tar,targ,11,-0.010000
14,cohort,strit,start,g^tar,comp,11,-0.010000
14,cohort,strit,start,g^tar,ctrl,11,-0.010000
14,cohort,strit,start,g^tar,targ,12,-0.010000
14,cohort,strit,start,g^tar,comp,12,-0.010000
14,cohort,strit,start,g^tar,ctrl,12,-0.010000
14,cohort,strit,start,g^tar,targ,13,-0.010000
14,cohort,strit,start,g^tar,comp,13,-0.010000
14,cohort,strit,start,g^tar,ctrl,13,-0.010000
14,cohort,strit,start,g^tar,targ,14,-0.010000
14,cohort,strit,start,g^tar,comp,14,-0.010000
14,cohort,strit,start,g^tar,ctrl,14,-0.010000
14,cohort,strit,start,g^tar,targ,15,-0.010000
14,cohort,strit,start,g^tar,comp,15,-0.010000
14,cohort,strit,start,g^tar,ctrl,15,-0.010000
14,cohort,strit,start,g^tar,targ,16,-0.010000
14,cohort,strit,start,g^tar,comp,16,-0.010000
14,cohort,strit,start,g^tar,ctrl,16,-0.010000
14,cohort,strit,start,g^tar,targ,17,-0.010000
14,cohort,strit,start,g^tar,comp,17,-0.010000
14,cohort,strit,start,g^tar,ctrl,17,-0.010000
14,cohort,strit,start,g^tar,targ,18,-0.010000
14,cohort,strit,start,g^tar,comp,18,-0.010000
14,cohort,strit,start,g^tar,ctrl,18,-0.010000
14,cohort,strit,start,g^tar,targ,19,-0.010000
14,cohort,strit,start,g^tar,comp,19,-0.010000
14,cohort,strit,start,g^tar,ctrl,19,-0.010000
14,cohort,strit,start,g^tar,targ,20,-0.010000
14,cohort,strit,start,g^tar,comp,20,-0.010000
14,cohort,strit,start,g^tar,ctrl,20,-0.010000
14,cohort,strit,start,g^tar,targ,21,-0.009217
14,cohort,strit,start,g^tar,comp,21,-0.009217
14,cohort,strit,start,g^tar,ctrl,21,-0.010000
14,cohort,strit,start,g^tar,targ,22,-0.005720
14,cohort,strit,start,g^tar,comp,22,-0.005720
14,cohort,strit,start,g^tar,ctrl,22,-0.010000
14,cohort,strit,start,g^tar,targ,23,0.001520
14,cohort,strit,start,g^tar,comp,23,0.001520
14,cohort,strit,start,g^tar,ctrl,23,-0.010000
14,cohort,strit,start,g^tar,targ,24,0.012583
14,cohort,strit,start,g^tar,comp,24,0.012583
14,cohort,strit,start,g^tar,ctrl,24,-0.010000
14,cohort,strit,start,g^tar,targ,25,0.025519
14,cohort,strit,start,g^tar,comp,25,0.025519
14,cohort,strit,start,g^tar,ctrl,25,-0.010002
14,cohort,strit,start,g^tar,targ,26,0.035116
14,cohort,strit,start,g^tar,comp,26,0.035116
14,cohort,strit,start,g^tar,ctrl,26,-0.010011
14,cohort,strit,start,g^tar,targ,27,0.043221
14,cohort,strit,start,g^tar,comp,27,0.043221
14,cohort,strit,start,g^tar,ctrl,27,-0.010025
14,cohort,strit,start,g^tar,targ,28,0.051247
14,cohort,strit,start,g^tar,comp,28,0.051247
14,cohort,strit,start,g^tar,ctrl,28,-0.010038
14,cohort,strit,start,g^tar,targ,29,0.059973
14,cohort,strit,start,g^tar,comp,29,0.059973
14,cohort,strit,start,g^tar,ctrl,29,-0.010048
14,cohort,strit,start,g^tar,targ,30,0.068231
14,cohort,strit,start,g^tar,comp,30,0.068231
14,cohort,strit,start,g^tar,ctrl,30,-0.010055
14,cohort,strit,start,g^tar,targ,31,0.075647
14,cohort,strit,start,g^tar,comp,31,0.075647
14,cohort,strit,start,g^tar,ctrl,31,-0.010058
14,cohort,strit,start,g^tar,targ,32,0.082096
14,cohort,strit,start,g^tar,comp,32,0.082096
14,cohort,strit,start,g^tar,ctrl,32,-0.010058
14,cohort,strit,start,g^tar,targ,33,0.088731
14,cohort,strit,start,g^tar,comp,33,0.087134
14,cohort,strit,start,g^tar,ctrl,33,-0.010056
14,cohort,strit,start,g^tar,targ,34,0.097124
14,cohort,strit,start,g^tar,comp,34,0.091530
14,cohort,strit,start,g^tar,ctrl,34,-0.010053
14,cohort,strit,start,g^tar,targ,35,0.106804
14,cohort,strit,start,g^tar,comp,35,0.095135
14,cohort,strit,start,g^tar,ctrl,35,-0.010050
14,cohort,strit,start,g^tar,targ,36,0.117780
14,cohort,strit,start,g^tar,comp,36,0.098781
14,cohort,strit,start,g^tar,ctrl,36,-0.010048
14,cohort,strit,start,g^tar,targ,37,0.129658
14,cohort,strit,start,g^tar,comp,37,0.102557
14,cohort,strit,start,g^tar,ctrl,37,-0.010045
14,cohort,strit,start,g^tar,targ,38,0.142230
14,cohort,strit,start,g^tar,comp,38,0.105685
14,cohort,strit,start,g^tar,ctrl,38,-0.010043
14,cohort,strit,start,g^tar,targ,39,0.156062
14,cohort,strit,start,g^tar,comp,39,0.107636
14,cohort,strit,start,g^tar,ctrl,39,-0.010041
14,cohort,strit,start,g^tar,targ,40,0.171503
14,cohort,strit,start,g^tar,comp,40,0.107449
14,cohort,strit,start,g^tar,ctrl,40,-0.010039
14,cohort,strit,start,g^tar,targ,41,0.188107
14,cohort,strit,start,g^tar,comp,41,0.104232
14,cohort,strit,start,g^tar,ctrl,41,-0.010037
14,cohort,strit,start,g^tar,targ,42,0.205666
14,cohort,strit,start,g^tar,comp,42,0.098173
14,cohort,strit,start,g^tar,ctrl,42,-0.010035
14,cohort,strit,start,g^tar,targ,43,0.224167
14,cohort,strit,start,g^tar,comp,43,0.090932
14,cohort,strit,start,g^tar,ctrl,43,-0.010033
14,cohort,strit,start,g^tar,targ,44,0.243979
14,cohort,strit,start,g^tar,comp,44,0.082938
14,cohort,strit,start,g^tar,ctrl,44,-0.010032
14,cohort,strit,start,g^tar,targ,45,0.265786
14,cohort,strit,start,g^tar,comp,45,0.074760
14,cohort,strit,start,g^tar,ctrl,45,-0.010030
14,cohort,strit,start,g^tar,targ,46,0.289854
14,cohort,strit,start,g^tar,comp,46,0.066708
14,cohort,strit,start,g^tar,ctrl,46,-0.010029
14,cohort,strit,start,g^tar,targ,47,0.315096
14,cohort,strit,start,g^tar,comp,47,0.058383
14,cohort,strit,start,g^tar,ctrl,47,-0.010027
14,cohort,strit,start,g^tar,targ,48,0.340865
14,cohort,strit,start,g^tar,comp,48,0.049757
14,cohort,strit,start,g^tar,ctrl,48,-0.010026
14,cohort,strit,start,g^tar,targ,49,0.366331
14,cohort,strit,start,g^tar,comp,49,0.040589
14,cohort,strit,start,g^tar,ctrl,49,-0.010025
14,cohort,strit,start,g^tar,targ,50,0.390883
14,cohort,strit,start,g^tar,comp,50,0.030738
14,cohort,strit,start,g^tar,ctrl,50,-0.010023
14,cohort,strit,start,g^tar,targ,51,0.414292
14,cohort,strit,start,g^tar,comp,51,0.020245
14,cohort,strit,start,g^tar,ctrl,51,-0.010022
14,cohort,strit,start,g^tar,targ,52,0.436558
14,cohort,strit,start,g^tar,comp,52,0.009289
14,cohort,strit,start,g^tar,ctrl,52,-0.010021
14,cohort,strit,start,g^tar,targ,53,0.457610
14,cohort,strit,start,g^tar,comp,53,-0.001996
14,cohort,strit,start,g^tar,ctrl,53,-0.010020
14,cohort,strit,start,g^tar,targ,54,0.477474
14,cohort,strit,start,g^tar,comp,54,-0.010019
14,cohort,strit,start,g^tar,ctrl,54,-0.010019
14,cohort,strit,start,g^tar,targ,55,0.496282
14,cohort,strit,start,g^tar,comp,55,-0.010018
14,cohort,strit,start,g^tar,ctrl,55,-0.010018
14,cohort,strit,start,g^tar,targ,56,0.514148
14,cohort,strit,start,g^tar,comp,56,-0.010017
14,cohort,strit,start,g^tar,ctrl,56,-0.010017
14,cohort,strit,start,g^tar,targ,57,0.531207
14,cohort,strit,start,g^tar,comp,57,-0.010018
14,cohort,strit,start,g^tar,ctrl,57,-0.010018
14,cohort,strit,start,g^tar,targ,58,0.547524
14,cohort,strit,start,g^tar,comp,58,-0.010031
14,cohort,strit,start,g^tar,ctrl,58,-0.010031
14,cohort,strit,start,g^tar,targ,59,0.563103
14,cohort,strit,start,g^tar,comp,59,-0.010065
14,cohort,strit,start,g^tar,ctrl,59,-0.010065
14,cohort,strit,start,g^tar,targ,60,0.578005
14,cohort,strit,start,g^tar,comp,60,-0.010120
14,cohort,strit,start,g^tar,ctrl,60,-0.010120
14,cohort,strit,start,g^tar,targ,61,0.592311
14,cohort,strit,start,g^tar,comp,61,-0.010190
14,cohort,strit,start,g^tar,ctrl,61,-0.010190
14,cohort,strit,start,g^tar,targ,62,0.606030
14,cohort,strit,start,g^tar,comp,62,-0.010260
14,cohort,strit,start,g^tar,ctrl,62,-0.010260
14,cohort,strit,start,g^tar,targ,63,0.619116
14,cohort,strit,start,g^tar,comp,63,-0.010321
14,cohort,strit,start,g^tar,ctrl,63,-0.010321
14,cohort,strit,start,g^tar,targ,64,0.631550
14,cohort,strit,start,g^tar,comp,64,-0.010367
14,cohort,strit,start,g^tar,ctrl,64,-0.010367
14,cohort,strit,start,g^tar,targ,65,0.643256
14,cohort,strit,start,g^tar,comp,65,-0.010398
14,cohort,strit,start,g^tar,ctrl,65,-0.010398
14,cohort,strit,start,g^tar,targ,66,0.654164
14,cohort,strit,start,g^tar,comp,66,-0.010417
14,cohort,strit,start,g^tar,ctrl,66,-0.010417
14,cohort,strit,start,g^tar,targ,67,0.664192
14,cohort,strit,start,g^tar,comp,67,-0.010427
14,cohort,strit,start,g^tar,ctrl,67,-0.010427
14,cohort,strit,start,g^tar,targ,68,0.673302
14,cohort,strit,start,g^tar,comp,68,-0.010434
14,cohort,strit,start,g^tar,ctrl,68,-0.010434
14,cohort,strit,start,g^tar,targ,69,0.681507
14,cohort,strit,start,g^tar,comp,69,-0.010442
14,cohort,strit,start,g^tar,ctrl,69,-0.010442
14,cohort,strit,start,g^tar,targ,70,0.688829
14,cohort,strit,start,g^tar,comp,70,-0.010456
14,cohort,strit,start,g^tar,ctrl,70,-0.010456
14,cohort,strit,start,g^tar,targ,71,0.695303
14,cohort,strit,start,g^tar,comp,71,-0.010480
14,cohort,strit,start,g^tar,ctrl,71,-0.010480
14,cohort,strit,start,g^tar,targ,72,0.700975
14,cohort,strit,start,g^tar,comp,72,-0.010516
14,cohort,strit,start,g^tar,ctrl,72,-0.010516
14,cohort,strit,start,g^tar,targ,73,0.705905
14,cohort,strit,start,g^tar,comp,73,-0.010563
14,cohort,strit,start,g^tar,ctrl,73,-0.010563
14,cohort,strit,start,g^tar,targ,74,0.710161
14,cohort,strit,start,g^tar,comp,74,-0.010621
14,cohort,strit,start,g^tar,ctrl,74,-0.010621
14,cohort,strit,start,g^tar,targ,75,0.713818
14,cohort,strit,start,g^tar,comp,75,-0.010691
14,cohort,strit,start,g^tar,ctrl,75,-0.010691
14,cohort,strit,start,g^tar,targ,76,0.716955
14,cohort,strit,start,g^tar,comp,76,-0.010772
14,cohort,strit,start,g^tar,ctrl,76,-0.010772
14,cohort,strit,start,g^tar,targ,77,0.719665
14,cohort,strit,start,g^tar,comp,77,-0.010863
14,cohort,strit,start,g^tar,ctrl,77,-0.010863
14,cohort,strit,start,g^tar,targ,78,0.722047
14,cohort,strit,start,g^tar,comp,78,-0.010964
14,cohort,strit,start,g^tar,ctrl,78,-0.010964
14,cohort,strit,start,g^tar,targ,79,0.724174
14,cohort,strit,start,g^tar,comp,79,-0.011075
14,cohort,strit,start,g^tar,ctrl,79,-0.011075
14,cohort,strit,start,g^tar,targ,80,0.726086
14,cohort,strit,start,g^tar,comp,80,-0.011193
14,cohort,strit,start,g^tar,ctrl,80,-0.011193
14,cohort,strit,start,g^tar,targ,81,0.727799
14,cohort,strit,start,g^tar,comp,81,-0.011319
14,cohort,strit,start,g^tar,ctrl,81,-0.011319
14,cohort,strit,start,g^tar,targ,82,0.729323
14,cohort,strit,start,g^tar,comp,82,-0.011451
14,cohort,strit,start,g^tar,ctrl,82,-0.011451
14,cohort,strit,start,g^tar,targ,83,0.730658
14,cohort,strit,start,g^tar,comp,83,-0.011588
14,cohort,strit,start,g^tar,ctrl,83,-0.011588
14,cohort,strit,start,g^tar,targ,84,0.731801
14,cohort,strit,start,g^tar,comp,84,-0.011729
14,cohort,strit,start,g^tar,ctrl,84,-0.011729
14,cohort,strit,start,g^tar,targ,85,0.732744
14,cohort,strit,start,g^tar,comp,85,-0.011874
14,cohort,strit,start,g^tar,ctrl,85,-0.011874
14,cohort,strit,start,g^tar,targ,86,0.733478
14,cohort,strit,start,g^tar,comp,86,-0.012021
14,cohort,strit,start,g^tar,ctrl,86,-0.012021
14,cohort,strit,start,g^tar,targ,87,0.733992
14,cohort,strit,start,g^tar,comp,87,-0.012170
14,cohort,strit,start,g^tar,ctrl,87,-0.012170
14,cohort,strit,start,g^tar,targ,88,0.734300
14,cohort,strit,start,g^tar,comp,88,-0.012319
14,cohort,strit,start,g^tar,ctrl,88,-0.012319
14,cohort,strit,start,g^tar,targ,89,0.734407
14,cohort,strit,start,g^tar,comp,89,-0.012468
14,cohort,strit,start,g^tar,ctrl,89,-0.012468
14,cohort,strit,start,g^tar,targ,90,0.734302
14,cohort,strit,start,g^tar,comp,90,-0.012616
14,cohort,strit,start,g^tar,ctrl,90,-0.012616
15,cohort,pal^si,parS^l,^br^pt,targ,1,-0.010000
15,cohort,pal^si,parS^l,^br^pt,comp,1,-0.010000
15,cohort,pal^si,parS^l,^br^pt,ctrl,1,-0.010000
15,cohort,pal^si,parS^l,^br^pt,targ,2,-0.010000
15,cohort,pal^si,parS^l,^br^pt,comp,2,-0.010000
15,cohort,pal^si,parS^l,^br^pt,ctrl,2,-0.010000
15,cohort,pal^si,parS^l,^br^pt,targ,3,-0.010000
15,cohort,pal^si,parS^l,^br^pt,comp,3,-0.010000
15,cohort,pal^si,parS^l,^br^pt,ctrl,3,-0.010000
15,cohort,pal^si,parS^l,^br^pt,targ,4,-0.010000
15,cohort,pal^si,parS^l,^br^pt,comp,4,-0.010000
15,cohort,pal^si,parS^l,^br^pt,ctrl,4,-0.010000
15,cohort,pal^si,parS^l,^br^pt,targ,5,-0.010000
15,cohort,pal^si,parS^l,^br^pt,comp,5,-0.010000
15,cohort,pal^si,parS^l,^br^pt,ctrl,5,-0.010000
15,cohort,pal^si,parS^l,^br^pt,targ,6,-0.010000
15,cohort,pal^si,parS^l,^br^pt,comp,6,-0.010000
15,cohort,pal^si,parS^l,^br^pt,ctrl,6,-0.010000
15,cohort,pal^si,parS^l,^br^pt,targ,7,-0.010000
15,cohort,pal^si,parS^l,^br^pt,comp,7,-0.010000
15,cohort,pal^si,parS^l,^br^pt,ctrl,7,-0.010000
15,cohort,pal^si,parS^l,^br^pt,targ,8,-0.010000
15,cohort,pal^si,parS^l,^br^pt,comp,8,-0.010000
15,cohort,pal^si,parS^l,^br^pt,ctrl,8,-0.010000
15,cohort,pal^si,parS^l,^br^pt,targ,9,-0.010000
15,cohort,pal^si,parS^l,^br^pt,comp,9,-0.010000
15,cohort,pal^si,parS^l,^br^pt,ctrl,9,-0.010000
15,cohort,pal^si,parS^l,^br^pt,targ,10,-0.010000
15,cohort,pal^si,parS^l,^br^pt,comp,10,-0.010000
15,cohort,pal^si,parS^l,^br^pt,ctrl,10,-0.010000
15,cohort,pal^si,parS^l,^br^pt,targ,11,-0.010000
15,cohort,pal^si,parS^l,^br^pt,comp,11,-0.010000
15,cohort,pal^si,parS^l,^br^pt,ctrl,11,-0.010000
15,cohort,pal^si,parS^l,^br^pt,targ,12,-0.010000
15,cohort,pal^si,parS^l,^br^pt,comp,12,-0.010000
15,cohort,pal^si,parS^l,^br^pt,ctrl,12,-0.010000
15,cohort,pal^si,parS^l,^br^pt,targ,13,-0.010000
15,cohort,pal^si,parS^l,^br^pt,comp,13,-0.010000
15,cohort,pal^si,parS^l,^br^pt,ctrl,13,-0.010000
15,cohort,pal^si,parS^l,^br^pt,targ,14,-0.010000
15,cohort,pal^si,parS^l,^br^pt,comp,14,-0.010000
15,cohort,pal^si,parS^l,^br^pt,ctrl,14,-0.010000
15,cohort,pal^si,parS^l,^br^pt,targ,15,-0.010000
15,cohort,pal^si,parS^l,^br^pt,comp,15,-0.010000
15,cohort,pal^si,parS^l,^br^pt,ctrl,15,-0.010000
15,cohort,pal^si,parS^l,^br^pt,targ,16,-0.010000
15,cohort,pal^si,parS^l,^br^pt,comp,16,-0.010000
15,cohort,pal^si,parS^l,^br^pt,ctrl,16,-0.010000
15,cohort,pal^si,parS^l,^br^pt,targ,17,-0.010000
15,cohort,pal^si,parS^l,^br^pt,comp,17,-0.010000
15,cohort,pal^si,parS^l,^br^pt,ctrl,17,-0.010000
15,cohort,pal^si,parS^l,^br^pt,targ,18,-0.010000
15,cohort,pal^si,parS^l,^br^pt,comp,18,-0.010000
15,cohort,pal^si,parS^l,^br^pt,ctrl,18,-0.010000
15,cohort,pal^si,parS^l,^br^pt,targ,19,-0.010000
15,cohort,pal^si,parS^l,^br^pt,comp,19,-0.010000
15,cohort,pal^si,parS^l,^br^pt,ctrl,19,-0.010000
15,cohort,pal^si,parS^l,^br^pt,targ,20,-0.010000
15,cohort,pal^si,parS^l,^br^pt,comp,20,-0.010000
15,cohort,pal^si,parS^l,^br^pt,ctrl,20,-0.010000
15,cohort,pal^si,parS^l,^br^pt,targ,21,-0.008341
15,cohort,pal^si,parS^l,^br^pt,comp,21,-0.008341
15,cohort,pal^si,parS^l,^br^pt,ctrl,21,-0.010000
15,cohort,pal^si,parS^l,^br^pt,targ,22,-0.003402
15,cohort,pal^si,parS^l,^br^pt,comp,22,-0.003402
15,cohort,pal^si,parS^l,^br^pt,ctrl,22,-0.010000
15,cohort,pal^si,parS^l,^br^pt,targ,23,0.005767
15,cohort,pal^si,parS^l,^br^pt,comp,23,0.005767
15,cohort,pal^si,parS^l,^br^pt,ctrl,23,-0.009184
15,cohort,pal^si,parS^l,^br^pt,targ,24,0.017553
15,cohort,pal^si,parS^l,^br^pt,comp,24,0.017553
15,cohort,pal^si,parS^l,^br^pt,ctrl,24,-0.006810
15,cohort,pal^si,parS^l,^br^pt,targ,25,0.027895
15,cohort,pal^si,parS^l,^br^pt,comp,25,0.027895
15,cohort,pal^si,parS^l,^br^pt,ctrl,25,-0.007058
15,cohort,pal^si,parS^l,^br^pt,targ,26,0.033289
15,cohort,pal^si,parS^l,^br^pt,comp,26,0.033289
15,cohort,pal^si,parS^l,^br^pt,ctrl,26,-0.009265
15,cohort,pal^si,parS^l,^br^pt,targ,27,0.036589
15,cohort,pal^si,parS^l,^br^pt,comp,27,0.036589
15,cohort,pal^si,parS^l,^br^pt,ctrl,27,-0.010059
15,cohort,pal^si,parS^l,^br^pt,targ,28,0.041048
15,cohort,pal^si,parS^l,^br^pt,comp,28,0.041048
15,cohort,pal^si,parS^l,^br^pt,ctrl,28,-0.010089
15,cohort,pal^si,parS^l,^br^pt,targ,29,0.046552
15,cohort,pal^si,parS^l,^br^pt,comp,29,0.046552
15,cohort,pal^si,parS^l,^br^pt,ctrl,29,-0.010118
15,cohort,pal^si,parS^l,^br^pt,targ,30,0.051813
15,cohort,pal^si,parS^l,^br^pt,comp,30,0.051813
15,cohort,pal^si,parS^l,^br^pt,ctrl,30,-0.010141
15,cohort,pal^si,parS^l,^br^pt,targ,31,0.056346
15,cohort,pal^si,parS^l,^br^pt,comp,31,0.056036
15,cohort,pal^si,parS^l,^br^pt,ctrl,31,-0.010156
15,cohort,pal^si,parS^l,^br^pt,targ,32,0.060356
15,cohort,pal^si,parS^l,^br^pt,comp,32,0.059472
15,cohort,pal^si,parS^l,^br^pt,ctrl,32,-0.010165
15,cohort,pal^si,parS^l,^br^pt,targ,33,0.065562
15,cohort,pal^si,parS^l,^br^pt,comp,33,0.065404
15,cohort,pal^si,parS^l,^br^pt,ctrl,33,-0.010167
15,cohort,pal^si,parS^l,^br^pt,targ,34,0.072430
15,cohort,pal^si,parS^l,^br^pt,comp,34,0.072216
15,cohort,pal^si,parS^l,^br^pt,ctrl,34,-0.010164
15,cohort,pal^si,parS^l,^br^pt,targ,35,0.080387
15,cohort,pal^si,parS^l,^br^pt,comp,35,0.079631
15,cohort,pal^si,parS^l,^br^pt,ctrl,35,-0.010158
15,cohort,pal^si,parS^l,^br^pt,targ,36,0.088596
15,cohort,pal^si,parS^l,^br^pt,comp,36,0.086819
15,cohort,pal^si,parS^l,^br^pt,ctrl,36,-0.010151
15,cohort,pal^si,parS^l,^br^pt,targ,37,0.097113
15,cohort,pal^si,parS^l,^br^pt,comp,37,0.093469
15,cohort,pal^si,parS^l,^br^pt,ctrl,37,-0.010143
15,cohort,pal^si,parS^l,^br^pt,targ,38,0.106095
15,cohort,pal^si,parS^l,^br^pt,comp,38,0.099343
15,cohort,pal^si,parS^l,^br^pt,ctrl,38,-0.010136
15,cohort,pal^si,parS^l,^br^pt,targ,39,0.116719
15,cohort,pal^si,parS^l,^br^pt,comp,39,0.104323
15,cohort,pal^si,parS^l,^br^pt,ctrl,39,-0.010129
15,cohort,pal^si,parS^l,^br^pt,targ,40,0.128476
15,cohort,pal^si,parS^l,^br^pt,comp,40,0.107501
15,cohort,pal^si,parS^l,^br^pt,ctrl,40,-0.010123
15,cohort,pal^si,parS^l,^br^pt,targ,41,0.141040
15,cohort,pal^si,parS^l,^br^pt,comp,41,0.108512
15,cohort,pal^si,parS^l,^br^pt,ctrl,41,-0.010117
15,cohort,pal^si,parS^l,^br^pt,targ,42,0.154225
15,cohort,pal^si,parS^l,^br^pt,comp,42,0.107233
15,cohort,pal^si,parS^l,^br^pt,ctrl,42,-0.010111
15,cohort,pal^si,parS^l,^br^pt,targ,43,0.168425
15,cohort,pal^si,parS^l,^br^pt,comp,43,0.104175
15,cohort,pal^si,parS^l,^br^pt,ctrl,43,-0.010105
15,cohort,pal^si,parS^l,^br^pt,targ,44,0.183291
15,cohort,pal^si,parS^l,^br^pt,comp,44,0.099249
15,cohort,pal^si,parS^l,^br^pt,ctrl,44,-0.010100
15,cohort,pal^si,parS^l,^br^pt,targ,45,0.199668
15,cohort,pal^si,parS^l,^br^pt,comp,45,0.093170
15,cohort,pal^si,parS^l,^br^pt,ctrl,45,-0.010095
15,cohort,pal^si,parS^l,^br^pt,targ,46,0.218079
15,cohort,pal^si,parS^l,^br^pt,comp,46,0.086323
15,cohort,pal^si,parS^l,^br^pt,ctrl,46,-0.010090
15,cohort,pal^si,parS^l,^br^pt,targ,47,0.238942
15,cohort,pal^si,parS^l,^br^pt,comp,47,0.078756
15,cohort,pal^si,parS^l,^br^pt,ctrl,47,-0.010086
15,cohort,pal^si,parS^l,^br^pt,targ,48,0.261412
15,cohort,pal^si,parS^l,^br^pt,comp,48,0.070098
15,cohort,pal^si,parS^l,^br^pt,ctrl,48,-0.010081
15,cohort,pal^si,parS^l,^br^pt,targ,49,0.285530
15,cohort,pal^si,parS^l,^br^pt,comp,49,0.060270
15,cohort,pal^si,parS^l,^br^pt,ctrl,49,-0.010077
15,cohort,pal^si,parS^l,^br^pt,targ,50,0.310270
15,cohort,pal^si,parS^l,^br^pt,comp,50,0.048878
15,cohort,pal^si,parS^l,^br^pt,ctrl,50,-0.010074
15,cohort,pal^si,parS^l,^br^pt,targ,51,0.338069
15,cohort,pal^si,parS^l,^br^pt,comp,51,0.035782
15,cohort,pal^si,parS^l,^br^pt,ctrl,51,-0.010072
15,cohort,pal^si,parS^l,^br^pt,targ,52,0.367935
15,cohort,pal^si,parS^l,^br^pt,comp,52,0.020804
15,cohort,pal^si,parS^l,^br^pt,ctrl,52,-0.010074
15,cohort,pal^si,parS^l,^br^pt,targ,53,0.397641
15,cohort,pal^si,parS^l,^br^pt,comp,53,0.004059
15,cohort,pal^si,parS^l,^br^pt,ctrl,53,-0.010080
15,cohort,pal^si,parS^l,^br^pt,targ,54,0.426372
15,cohort,pal^si,parS^l,^br^pt,comp,54,-0.010089
15,cohort,pal^si,parS^l,^br^pt,ctrl,54,-0.010089
15,cohort,pal^si,parS^l,^br^pt,targ,55,0.453477
15,cohort,pal^si,parS^l,^br^pt,comp,55,-0.010097
15,cohort,pal^si,parS^l,^br^pt,ctrl,55,-0.010097
15,cohort,pal^si,parS^l,^br^pt,targ,56,0.478665
15,cohort,pal^si,parS^l,^br^pt,comp,56,-0.010103
15,cohort,pal^si,parS^l,^br^pt,ctrl,56,-0.010103
15,cohort,pal^si,parS^l,^br^pt,targ,57,0.501754
15,cohort,pal^si,parS^l,^br^pt,comp,57,-0.010108
15,cohort,pal^si,parS^l,^br^pt,ctrl,57,-0.010108
15,cohort,pal^si,parS^l,^br^pt,targ,58,0.522682
15,cohort,pal^si,parS^l,^br^pt,comp,58,-0.010110
15,cohort,pal^si,parS^l,^br^pt,ctrl,58,-0.010110
15,cohort,pal^si,parS^l,^br^pt,targ,59,0.541467
15,cohort,pal^si,parS^l,^br^pt,comp,59,-0.010112
15,cohort,pal^si,parS^l,^br^pt,ctrl,59,-0.010112
15,cohort,pal^si,parS^l,^br^pt,targ,60,0.558193
15,cohort,pal^si,parS^l,^br^pt,comp,60,-0.010112
15,cohort,pal^si,parS^l,^br^pt,ctrl,60,-0.010112
15,cohort,pal^si,parS^l,^br^pt,targ,61,0.573057
15,cohort,pal^si,parS^l,^br^pt,comp,61,-0.010112
15,cohort,pal^si,parS^l,^br^pt,ctrl,61,-0.010112
15,cohort,pal^si,parS^l,^br^pt,targ,62,0.586395
15,cohort,pal^si,parS^l,^br^pt,comp,62,-0.010111
15,cohort,pal^si,parS^l,^br^pt,ctrl,62,-0.010111
15,cohort,pal^si,parS^l,^br^pt,targ,63,0.598462
15,cohort,pal^si,parS^l,^br^pt,comp,63,-0.010113
15,cohort,pal^si,parS^l,^br^pt,ctrl,63,-0.010113
15,cohort,pal^si,parS^l,^br^pt,targ,64,0.609377
15,cohort,pal^si,parS^l,^br^pt,comp,64,-0.010121
15,cohort,pal^si,parS^l,^br^pt,ctrl,64,-0.010121
15,cohort,pal^si,parS^l,^br^pt,targ,65,0.619247
15,cohort,pal^si,parS^l,^br^pt,comp,65,-0.010146
15,cohort,pal^si,parS^l,^br^pt,ctrl,65,-0.010146
15,cohort,pal^si,parS^l,^br^pt,targ,66,0.628164
15,cohort,pal^si,parS^l,^br^pt,comp,66,-0.010200
15,cohort,pal^si,parS^l,^br^pt,ctrl,66,-0.010200
15,cohort,pal^si,parS^l,^br^pt,targ,67,0.636212
15,cohort,pal^si,parS^l,^br^pt,comp,67,-0.010298
15,cohort,pal^si,parS^l,^br^pt,ctrl,67,-0.010298
15,cohort,pal^si,parS^l,^br^pt,targ,68,0.643472
15,cohort,pal^si,parS^l,^br^pt,comp,68,-0.010458
15,cohort,pal^si,parS^l,^br^pt,ctrl,68,-0.010458
15,cohort,pal^si,parS^l,^br^pt,targ,69,0.650026
15,cohort,pal^si,parS^l,^br^pt,comp,69,-0.010693
15,cohort,pal^si,parS^l,^br^pt,ctrl,69,-0.010693
15,cohort,pal^si,parS^l,^br^pt,targ,70,0.655956
15,cohort,pal^si,parS^l,^br^pt,comp,70,-0.011015
15,cohort,pal^si,parS^l,^br^pt,ctrl,70,-0.011015
15,cohort,pal^si,parS^l,^br^pt,targ,71,0.661369
15,cohort,pal^si,parS^l,^br^pt,comp,71,-0.011430
15,cohort,pal^si,parS^l,^br^pt,ctrl,71,-0.011430
15,cohort,pal^si,parS^l,^br^pt,targ,72,0.666383
15,cohort,pal^si,parS^l,^br^pt,comp,72,-0.011942
15,cohort,pal^si,parS^l,^br^pt,ctrl,72,-0.011942
15,cohort,pal^si,parS^l,^br^pt,targ,73,0.671098
15,cohort,pal^si,parS^l,^br^pt,comp,73,-0.012548
15,cohort,pal^si,parS^l,^br^pt,ctrl,73,-0.012548
15,cohort,pal^si,parS^l,^br^pt,targ,74,0.675598
15,cohort,pal^si,parS^l,^br^pt,comp,74,-0.013246
15,cohort,pal^si,parS^l,^br^pt,ctrl,74,-0.013246
15,cohort,pal^si,parS^l,^br^pt,targ,75,0.679964
15,cohort,pal^si,parS^l,^br^pt,comp,75,-0.014028
15,cohort,pal^si,parS^l,^br^pt,ctrl,75,-0.014028
15,cohort,pal^si,parS^l,^br^pt,targ,76,0.684275
15,cohort,pal^si,parS^l,^br^pt,comp,76,-0.014886
15,cohort,pal^si,parS^l,^br^pt,ctrl,76,-0.014886
15,cohort,pal^si,parS^l,^br^pt,targ,77,0.688593
15,cohort,pal^si,parS^l,^br^pt,comp,77,-0.015811
15,cohort,pal^si,parS^l,^br^pt,ctrl,77,-0.015811
15,cohort,pal^si,parS^l,^br^pt,targ,78,0.692954
15,cohort,pal^si,parS^l,^br^pt,comp,78,-0.016792
15,cohort,pal^si,parS^l,^br^pt,ctrl,78,-0.016792
15,cohort,pal^si,parS^l,^br^pt,targ,79,0.697404
15,cohort,pal^si,parS^l,^br^pt,comp,79,-0.017820
15,cohort,pal^si,parS^l,^br^pt,ctrl,79,-0.017820
15,cohort,pal^si,parS^l,^br^pt,targ,80,0.701978
15,cohort,pal^si,parS^l,^br^pt,comp,80,-0.018884
15,cohort,pal^si,parS^l,^br^pt,ctrl,80,-0.018884
15,cohort,pal^si,parS^l,^br^pt,targ,81,0.706658
15,cohort,pal^si,parS^l,^br^pt,comp,81,-0.019976
15,cohort,pal^si,parS^l,^br^pt,ctrl,81,-0.019976
15,cohort,pal^si,parS^l,^br^pt,targ,82,0.711428
15,cohort,pal^si,parS^l,^br^pt,comp,82,-0.021086
15,cohort,pal^si,parS^l,^br^pt,ctrl,82,-0.021086
15,cohort,pal^si,parS^l,^br^pt,targ,83,0.716264
15,cohort,pal^si,parS^l,^br^pt,comp,83,-0.022205
15,cohort,pal^si,parS^l,^br^pt,ctrl,83,-0.022205
15,cohort,pal^si,parS^l,^br^pt,targ,84,0.721143
15,cohort,pal^si,parS^l,^br^pt,comp,84,-0.023327
15,cohort,pal^si,parS^l,^br^pt,ctrl,84,-0.023327
15,cohort,pal^si,parS^l,^br^pt,targ,85,0.726039
15,cohort,pal^si,parS^l,^br^pt,comp,85,-0.024444
15,cohort,pal^si,parS^l,^br^pt,ctrl,85,-0.024444
15,cohort,pal^si,parS^l,^br^pt,targ,86,0.730899
15,cohort,pal^si,parS^l,^br^pt,comp,86,-0.025551
15,cohort,pal^si,parS^l,^br^pt,ctrl,86,-0.025551
15,cohort,pal^si,parS^l,^br^pt,targ,87,0.735652
15,cohort,pal^si,parS^l,^br^pt,comp,87,-0.026642
15,cohort,pal^si,parS^l,^br^pt,ctrl,87,-0.026642
15,cohort,pal^si,parS^l,^br^pt,targ,88,0.740219
15,cohort,pal^si,parS^l,^br^pt,comp,88,-0.027714
15,cohort,pal^si,parS^l,^br^pt,ctrl,88,-0.027714
15,cohort,pal^si,parS^l,^br^pt,targ,89,0.744518
15,cohort,pal^si,parS^l,^br^pt,comp,89,-0.028761
15,cohort,pal^si,parS^l,^br^pt,ctrl,89,-0.028761
15,cohort,pal^si,parS^l,^br^pt,targ,90,0.748472
15,cohort,pal^si,parS^l,^br^pt,comp,90,-0.029782
15,cohort,pal^si,parS^l,^br^pt,ctrl,90,-0.029782
16,unrel,parti,^dapt,start,targ,1,-0.010000
16,unrel,parti,^dapt,start,comp,1,-0.010000
16,unrel,parti,^dapt,start,ctrl,1,-0.010000
16,unrel,parti,^dapt,start,targ,2,-0.010000
16,unrel,parti,^dapt,start,comp,2,-0.010000
16,unrel,parti,^dapt,start,ctrl,2,-0.010000
16,unrel,parti,^dapt,start,targ,3,-0.010000
16,unrel,parti,^dapt,start,comp,3,-0.010000
16,unrel,parti,^dapt,start,ctrl,3,-0.010000
16,unrel,parti,^dapt,start,targ,4,-0.010000
16,unrel,parti,^dapt,start,comp,4,-0.010000
16,unrel,parti,^dapt,start,ctrl,4,-0.010000
16,unrel,parti,^dapt,start,targ,5,-0.010000
16,unrel,parti,^dapt,start,comp,5,-0.010000
16,unrel,parti,^dapt,start,ctrl,5,-0.010000
16,unrel,parti,^dapt,start,targ,6,-0.010000
16,unrel,parti,^dapt,start,comp,6,-0.010000
16,unrel,parti,^dapt,start,ctrl,6,-0.010000
16,unrel,parti,^dapt,start,targ,7,-0.010000
16,unrel,parti,^dapt,start,comp,7,-0.010000
16,unrel,parti,^dapt,start,ctrl,7,-0.010000
16,unrel,parti,^dapt,start,targ,8,-0.010000
16,unrel,parti,^dapt,start,comp,8,-0.010000
16,unrel,parti,^dapt,start,ctrl,8,-0.010000
16,unrel,parti,^dapt,start,targ,9,-0.010000
16,unrel,parti,^dapt,start,comp,9,-0.010000
16,unrel,parti,^dapt,start,ctrl,9,-0.010000
16,unrel,parti,^dapt,start,targ,10,-0.010000
16,unrel,parti,^dapt,start,comp,10,-0.010000
16,unrel,parti,^dapt,start,ctrl,10,-0.010000
16,unrel,parti,^dapt,start,targ,11,-0.010000
16,unrel,parti,^dapt,start,comp,11,-0.010000
16,unrel,parti,^dapt,start,ctrl,11,-0.010000
16,unrel,parti,^dapt,start,targ,12,-0.010000
16,unrel,parti,^dapt,start,comp,12,-0.010000
16,unrel,parti,^dapt,start,ctrl,12,-0.010000
16,unrel,parti,^dapt,start,targ,13,-0.010000
16,unrel,parti,^dapt,start,comp,13,-0.010000
16,unrel,parti,^dapt,start,ctrl,13,-0.010000
16,unrel,parti,^dapt,start,targ,14,-0.010000
16,unrel,parti,^dapt,start,comp,14,-0.010000
16,unrel,parti,^dapt,start,ctrl,14,-0.010000
16,unrel,parti,^dapt,start,targ,15,-0.010000
16,unrel,parti,^dapt,start,comp,15,-0.010000
16,unrel,parti,^dapt,start,ctrl,15,-0.010000
16,unrel,parti,^dapt,start,targ,16,-0.010000
16,unrel,parti,^dapt,start,comp,16,-0.010000
16,unrel,parti,^dapt,start,ctrl,16,-0.010000
16,unrel,parti,^dapt,start,targ,17,-0.010000
16,unrel,parti,^dapt,start,comp,17,-0.010000
16,unrel,parti,^dapt,start,ctrl,17,-0.010000
16,unrel,parti,^dapt,start,targ,18,-0.010000
16,unrel,parti,^dapt,start,comp,18,-0.010000
16,unrel,parti,^dapt,start,ctrl,18,-0.010000
16,unrel,parti,^dapt,start,targ,19,-0.010000
16,unrel,parti,^dapt,start,comp,19,-0.010000
16,unrel,parti,^dapt,start,ctrl,19,-0.010000
16,unrel,parti,^dapt,start,targ,20,-0.010000
16,unrel,parti,^dapt,start,comp,20,-0.010000
16,unrel,parti,^dapt,start,ctrl,20,-0.010000
16,unrel,parti,^dapt,start,targ,21,-0.008341
16,unrel,parti,^dapt,start,comp,21,-0.010000
16,unrel,parti,^dapt,start,ctrl,21,-0.010000
16,unrel,parti,^dapt,start,targ,22,-0.003402
16,unrel,parti,^dapt,start,comp,22,-0.010000
16,unrel,parti,^dapt,start,ctrl,22,-0.010000
16,unrel,parti,^dapt,start,targ,23,0.005767
16,unrel,parti,^dapt,start,comp,23,-0.010000
16,unrel,parti,^dapt,start,ctrl,23,-0.010000
16,unrel,parti,^dapt,start,targ,24,0.017575
16,unrel,parti,^dapt,start,comp,24,-0.010001
16,unrel,parti,^dapt,start,ctrl,24,-0.008698
16,unrel,parti,^dapt,start,targ,25,0.028198
16,unrel,parti,^dapt,start,comp,25,-0.010009
16,unrel,parti,^dapt,start,ctrl,25,-0.009135
16,unrel,parti,^dapt,start,targ,26,0.034341
16,unrel,parti,^dapt,start,comp,26,-0.010030
16,unrel,parti,^dapt,start,ctrl,26,-0.010030
16,unrel,parti,^dapt,start,targ,27,0.038690
16,unrel,parti,^dapt,start,comp,27,-0.010059
16,unrel,parti,^dapt,start,ctrl,27,-0.010059
16,unrel,parti,^dapt,start,targ,28,0.044336
16,unrel,parti,^dapt,start,comp,28,-0.010089
16,unrel,parti,^dapt,start,ctrl,28,-0.010089
16,unrel,parti,^dapt,start,targ,29,0.051135
16,unrel,parti,^dapt,start,comp,29,-0.010118
16,unrel,parti,^dapt,start,ctrl,29,-0.010118
16,unrel,parti,^dapt,start,targ,30,0.057754
16,unrel,parti,^dapt,start,comp,30,-0.010141
16,unrel,parti,^dapt,start,ctrl,30,-0.010141
16,unrel,parti,^dapt,start,targ,31,0.063883
16,unrel,parti,^dapt,start,comp,31,-0.010157
16,unrel,parti,^dapt,start,ctrl,31,-0.010157
16,unrel,parti,^dapt,start,targ,32,0.070301
16,unrel,parti,^dapt,start,comp,32,-0.010165
16,unrel,parti,^dapt,start,ctrl,32,-0.010165
16,unrel,parti,^dapt,start,targ,33,0.077367
16,unrel,parti,^dapt,start,comp,33,-0.010168
16,unrel,parti,^dapt,start,ctrl,33,-0.010168
16,unrel,parti,^dapt,start,targ,34,0.085544
16,unrel,parti,^dapt,start,comp,34,-0.010166
16,unrel,parti,^dapt,start,ctrl,34,-0.010166
16,unrel,parti,^dapt,start,targ,35,0.094189
16,unrel,parti,^dapt,start,comp,35,-0.010160
16,unrel,parti,^dapt,start,ctrl,35,-0.010160
16,unrel,parti,^dapt,start,targ,36,0.102711
16,unrel,parti,^dapt,start,comp,36,-0.010153
16,unrel,parti,^dapt,start,ctrl,36,-0.010153
16,unrel,parti,^dapt,start,targ,37,0.111496
16,unrel,parti,^dapt,start,comp,37,-0.010145
16,unrel,parti,^dapt,start,ctrl,37,-0.010145
16,unrel,parti,^dapt,start,targ,38,0.120477
16,unrel,parti,^dapt,start,comp,38,-0.010138
16,unrel,parti,^dapt,start,ctrl,38,-0.010138
16,unrel,parti,^dapt,start,targ,39,0.130689
16,unrel,parti,^dapt,start,comp,39,-0.010131
16,unrel,parti,^dapt,start,ctrl,39,-0.010131
16,unrel,parti,^dapt,start,targ,40,0.141841
16,unrel,parti,^dapt,start,comp,40,-0.010125
16,unrel,parti,^dapt,start,ctrl,40,-0.010125
16,unrel,parti,^dapt,start,targ,41,0.152565
16,unrel,parti,^dapt,start,comp,41,-0.010118
16,unrel,parti,^dapt,start,ctrl,41,-0.010118
16,unrel,parti,^dapt,start,targ,42,0.163519
16,unrel,parti,^dapt,start,comp,42,-0.010112
16,unrel,parti,^dapt,start,ctrl,42,-0.010112
16,unrel,parti,^dapt,start,targ,43,0.174836
16,unrel,parti,^dapt,start,comp,43,-0.010107
16,unrel,parti,^dapt,start,ctrl,43,-0.010107
16,unrel,parti,^dapt,start,targ,44,0.185075
16,unrel,parti,^dapt,start,comp,44,-0.010101
16,unrel,parti,^dapt,start,ctrl,44,-0.010101
16,unrel,parti,^dapt,start,targ,45,0.195452
16,unrel,parti,^dapt,start,comp,45,-0.010096
16,unrel,parti,^dapt,start,ctrl,45,-0.010096
16,unrel,parti,^dapt,start,targ,46,0.207395
16,unrel,parti,^dapt,start,comp,46,-0.010092
16,unrel,parti,^dapt,start,ctrl,46,-0.010092
16,unrel,parti,^dapt,start,targ,47,0.220776
16,unrel,parti,^dapt,start,comp,47,-0.010087
16,unrel,parti,^dapt,start,ctrl,47,-0.010087
16,unrel,parti,^dapt,start,targ,48,0.235161
16,unrel,parti,^dapt,start,comp,48,-0.010083
16,unrel,parti,^dapt,start,ctrl,48,-0.010083
16,unrel,parti,^dapt,start,targ,49,0.250002
16,unrel,parti,^dapt,start,comp,49,-0.010078
16,unrel,parti,^dapt,start,ctrl,49,-0.010078
16,unrel,parti,^dapt,start,targ,50,0.264802
16,unrel,parti,^dapt,start,comp,50,-0.010075
16,unrel,parti,^dapt,start,ctrl,50,-0.010075
16,unrel,parti,^dapt,start,targ,51,0.280167
16,unrel,parti,^dapt,start,comp,51,-0.010071
16,unrel,parti,^dapt,start,ctrl,51,-0.010071
16,unrel,parti,^dapt,start,targ,52,0.295396
16,unrel,parti,^dapt,start,comp,52,-0.010067
16,unrel,parti,^dapt,start,ctrl,52,-0.010067
16,unrel,parti,^dapt,start,targ,53,0.310310
16,unrel,parti,^dapt,start,comp,53,-0.010064
16,unrel,parti,^dapt,start,ctrl,53,-0.010064
16,unrel,parti,^dapt,start,targ,54,0.324676
16,unrel,parti,^dapt,start,comp,54,-0.010061
16,unrel,parti,^dapt,start,ctrl,54,-0.010061
16,unrel,parti,^dapt,start,targ,55,0.338413
16,unrel,parti,^dapt,start,comp,55,-0.010058
16,unrel,parti,^dapt,start,ctrl,55,-0.010058
16,unrel,parti,^dapt,start,targ,56,0.351449
16,unrel,parti,^dapt,start,comp,56,-0.010055
16,unrel,parti,^dapt,start,ctrl,56,-0.010055
16,unrel,parti,^dapt,start,targ,57,0.363611
16,unrel,parti,^dapt,start,comp,57,-0.010052
16,unrel,parti,^dapt,start,ctrl,57,-0.010052
16,unrel,parti,^dapt,start,targ,58,0.375106
16,unrel,parti,^dapt,start,comp,58,-0.010049
16,unrel,parti,^dapt,start,ctrl,58,-0.010049
16,unrel,parti,^dapt,start,targ,59,0.385839
16,unrel,parti,^dapt,start,comp,59,-0.010047
16,unrel,parti,^dapt,start,ctrl,59,-0.010047
16,unrel,parti,^dapt,start,targ,60,0.395968
16,unrel,parti,^dapt,start,comp,60,-0.010045
16,unrel,parti,^dapt,start,ctrl,60,-0.010045
16,unrel,parti,^dapt,start,targ,61,0.406921
16,unrel,parti,^dapt,start,comp,61,-0.010042
16,unrel,parti,^dapt,start,ctrl,61,-0.010042
16,unrel,parti,^dapt,start,targ,62,0.417476
16,unrel,parti,^dapt,start,comp,62,-0.010040
16,unrel,parti,^dapt,start,ctrl,62,-0.010040
16,unrel,parti,^dapt,start,targ,63,0.427635
16,unrel,parti,^dapt,start,comp,63,-0.010039
16,unrel,parti,^dapt,start,ctrl,63,-0.010039
16,unrel,parti,^dapt,start,targ,64,0.437400
16,unrel,parti,^dapt,start,comp,64,-0.010038
16,unrel,parti,^dapt,start,ctrl,64,-0.010038
16,unrel,parti,^dapt,start,targ,65,0.446777
16,unrel,parti,^dapt,start,comp,65,-0.010040
16,unrel,parti,^dapt,start,ctrl,65,-0.010040
16,unrel,parti,^dapt,start,targ,66,0.455772
16,unrel,parti,^dapt,start,comp,66,-0.010045
16,unrel,parti,^dapt,start,ctrl,66,-0.010045
16,unrel,parti,^dapt,start,targ,67,0.464405
16,unrel,parti,^dapt,start,comp,67,-0.010055
16,unrel,parti,^dapt,start,ctrl,67,-0.010055
16,unrel,parti,^dapt,start,targ,68,0.472729
16,unrel,parti,^dapt,start,comp,68,-0.010072
16,unrel,parti,^dapt,start,ctrl,68,-0.010072
16,unrel,parti,^dapt,start,targ,69,0.480820
16,unrel,parti,^dapt,start,comp,69,-0.010097
16,unrel,parti,^dapt,start,ctrl,69,-0.010097
16,unrel,parti,^dapt,start,targ,70,0.488730
16,unrel,parti,^dapt,start,comp,70,-0.010130
16,unrel,parti,^dapt,start,ctrl,70,-0.010130
16,unrel,parti,^dapt,start,targ,71,0.496478
16,unrel,parti,^dapt,start,comp,71,-0.010173
16,unrel,parti,^dapt,start,ctrl,71,-0.010173
16,unrel,parti,^dapt,start,targ,72,0.504072
16,unrel,parti,^dapt,start,comp,72,-0.010227
16,unrel,parti,^dapt,start,ctrl,72,-0.010227
16,unrel,parti,^dapt,start,targ,73,0.511514
16,unrel,parti,^dapt,start,comp,73,-0.010291
16,unrel,parti,^dapt,start,ctrl,73,-0.010291
16,unrel,parti,^dapt,start,targ,74,0.518795
16,unrel,parti,^dapt,start,comp,74,-0.010366
16,unrel,parti,^dapt,start,ctrl,74,-0.010366
16,unrel,parti,^dapt,start,targ,75,0.525917
16,unrel,parti,^dapt,start,comp,75,-0.010452
16,unrel,parti,^dapt,start,ctrl,75,-0.010452
16,unrel,parti,^dapt,start,targ,76,0.532887
16,unrel,parti,^dapt,start,comp,76,-0.010548
16,unrel,parti,^dapt,start,ctrl,76,-0.010548
16,unrel,parti,^dapt,start,targ,77,0.539717
16,unrel,parti,^dapt,start,comp,77,-0.010653
16,unrel,parti,^dapt,start,ctrl,77,-0.010653
16,unrel,parti,^dapt,start,targ,78,0.546419
16,unrel,parti,^dapt,start,comp,78,-0.010768
16,unrel,parti,^dapt,start,ctrl,78,-0.010768
16,unrel,parti,^dapt,start,targ,79,0.553005
16,unrel,parti,^dapt,start,comp,79,-0.010891
16,unrel,parti,^dapt,start,ctrl,79,-0.010891
16,unrel,parti,^dapt,start,targ,80,0.559487
16,unrel,parti,^dapt,start,comp,80,-0.011022
16,unrel,parti,^dapt,start,ctrl,80,-0.011022
16,unrel,parti,^dapt,start,targ,81,0.565879
16,unrel,parti,^dapt,start,comp,81,-0.011159
16,unrel,parti,^dapt,start,ctrl,81,-0.011159
16,unrel,parti,^dapt,start,targ,82,0.572195
16,unrel,parti,^dapt,start,comp,82,-0.011301
16,unrel,parti,^dapt,start,ctrl,82,-0.011301
16,unrel,parti,^dapt,start,targ,83,0.578447
16,unrel,parti,^dapt,start,comp,83,-0.011449
16,unrel,parti,^dapt,start,ctrl,83,-0.011449
16,unrel,parti,^dapt,start,targ,84,0.584647
16,unrel,parti,^dapt,start,comp,84,-0.011600
16,unrel,parti,^dapt,start,ctrl,84,-0.011600
16,unrel,parti,^dapt,start,targ,85,0.590811
16,unrel,parti,^dapt,start,comp,85,-0.011753
16,unrel,parti,^dapt,start,ctrl,85,-0.011753
16,unrel,parti,^dapt,start,targ,86,0.596961
16,unrel,parti,^dapt,start,comp,86,-0.011909
16,unrel,parti,^dapt,start,ctrl,86,-0.011909
16,unrel,parti,^dapt,start,targ,87,0.603114
16,unrel,parti,^dapt,start,comp,87,-0.012065
16,unrel,parti,^dapt,start,ctrl,87,-0.012065
16,unrel,parti,^dapt,start,targ,88,0.609274
16,unrel,parti,^dapt,start,comp,88,-0.012222
16,unrel,parti,^dapt,start,ctrl,88,-0.012222
16,unrel,parti,^dapt,start,targ,89,0.615440
16,unrel,parti,^dapt,start,comp,89,-0.012378
16,unrel,parti,^dapt,start,ctrl,89,-0.012378
16,unrel,parti,^dapt,start,targ,90,0.621604
16,unrel,parti,^dapt,start,comp,90,-0.012532
16,unrel,parti,^dapt,start,ctrl,90,-0.012532
17,unrel,rili,skar,drap,targ,1,-0.010000
17,unrel,rili,skar,drap,comp,1,-0.010000
17,unrel,rili,skar,drap,ctrl,1,-0.010000
17,unrel,rili,skar,drap,targ,2,-0.010000
17,unrel,rili,skar,drap,comp,2,-0.010000
17,unrel,rili,skar,drap,ctrl,2,-0.010000
17,unrel,rili,skar,drap,targ,3,-0.010000
17,unrel,rili,skar,drap,comp,3,-0.010000
17,unrel,rili,skar,drap,ctrl,3,-0.010000
17,unrel,rili,skar,drap,targ,4,-0.010000
17,unrel,rili,skar,drap,comp,4,-0.010000
17,unrel,rili,skar,drap,ctrl,4,-0.010000
17,unrel,rili,skar,drap,targ,5,-0.010000
17,unrel,rili,skar,drap,comp,5,-0.010000
17,unrel,rili,skar,drap,ctrl,5,-0.010000
17,unrel,rili,skar,drap,targ,6,-0.010000
17,unrel,rili,skar,drap,comp,6,-0.010000
17,unrel,rili,skar,drap,ctrl,6,-0.010000
17,unrel,rili,skar,drap,targ,7,-0.010000
17,unrel,rili,skar,drap,comp,7,-0.010000
17,unrel,rili,skar,drap,ctrl,7,-0.010000
17,unrel,rili,skar,drap,targ,8,-0.010000
17,unrel,rili,skar,drap,comp,8,-0.010000
17,unrel,rili,skar,drap,ctrl,8,-0.010000
17,unrel,rili,skar,drap,targ,9,-0.010000
17,unrel,rili,skar,drap,comp,9,-0.010000
17,unrel,rili,skar,drap,ctrl,9,-0.010000
17,unrel,rili,skar,drap,targ,10,-0.010000
17,unrel,rili,skar,drap,comp,10,-0.010000
17,unrel,rili,skar,drap,ctrl,10,-0.010000
17,unrel,rili,skar,drap,targ,11,-0.010000
17,unrel,rili,skar,drap,comp,11,-0.010000
17,unrel,rili,skar,drap,ctrl,11,-0.010000
17,unrel,rili,skar,drap,targ,12,-0.010000
17,unrel,rili,skar,drap,comp,12,-0.010000
17,unrel,rili,skar,drap,ctrl,12,-0.010000
17,unrel,rili,skar,drap,targ,13,-0.010000
17,unrel,rili,skar,drap,comp,13,-0.010000
17,unrel,rili,skar,drap,ctrl,13,-0.010000
17,unrel,rili,skar,drap,targ,14,-0.010000
17,unrel,rili,skar,drap,comp,14,-0.010000
17,unrel,rili,skar,drap,ctrl,14,-0.010000
17,unrel,rili,skar,drap,targ,15,-0.010000
17,unrel,rili,skar,drap,comp,15,-0.010000
17,unrel,rili,skar,drap,ctrl,15,-0.010000
17,unrel,rili,skar,drap,targ,16,-0.010000
17,unrel,rili,skar,drap,comp,16,-0.010000
17,unrel,rili,skar,drap,ctrl,16,-0.010000
17,unrel,rili,skar,drap,targ,17,-0.010000
17,unrel,rili,skar,drap,comp,17,-0.010000
17,unrel,rili,skar,drap,ctrl,17,-0.010000
17,unrel,rili,skar,drap,targ,18,-0.010000
17,unrel,rili,skar,drap,comp,18,-0.010000
17,unrel,rili,skar,drap,ctrl,18,-0.010000
17,unrel,rili,skar,drap,targ,19,-0.010000
17,unrel,rili,skar,drap,comp,19,-0.010000
17,unrel,rili,skar,drap,ctrl,19,-0.010000
17,unrel,rili,skar,drap,targ,20,-0.010000
17,unrel,rili,skar,drap,comp,20,-0.010000
17,unrel,rili,skar,drap,ctrl,20,-0.010000
17,unrel,rili,skar,drap,targ,21,-0.009090
17,unrel,rili,skar,drap,comp,21,-0.010000
17,unrel,rili,skar,drap,ctrl,21,-0.010000
17,unrel,rili,skar,drap,targ,22,-0.005453
17,unrel,rili,skar,drap,comp,22,-0.010000
17,unrel,rili,skar,drap,ctrl,22,-0.009266
17,unrel,rili,skar,drap,targ,23,0.001732
17,unrel,rili,skar,drap,comp,23,-0.010000
17,unrel,rili,skar,drap,ctrl,23,-0.005138
17,unrel,rili,skar,drap,targ,24,0.012307
17,unrel,rili,skar,drap,comp,24,-0.010000
17,unrel,rili,skar,drap,ctrl,24,0.001996
17,unrel,rili,skar,drap,targ,25,0.024704
17,unrel,rili,skar,drap,comp,25,-0.010000
17,unrel,rili,skar,drap,ctrl,25,0.010666
17,unrel,rili,skar,drap,targ,26,0.035576
17,unrel,rili,skar,drap,comp,26,-0.010000
17,unrel,rili,skar,drap,ctrl,26,0.017541
17,unrel,rili,skar,drap,targ,27,0.044892
17,unrel,rili,skar,drap,comp,27,-0.010000
17,unrel,rili,skar,drap,ctrl,27,0.020686
17,unrel,rili,skar,drap,targ,28,0.054079
17,unrel,rili,skar,drap,comp,28,-0.010000
17,unrel,rili,skar,drap,ctrl,28,0.022253
17,unrel,rili,skar,drap,targ,29,0.063725
17,unrel,rili,skar,drap,comp,29,-0.010000
17,unrel,rili,skar,drap,ctrl,29,0.021828
17,unrel,rili,skar,drap,targ,30,0.073587
17,unrel,rili,skar,drap,comp,30,-0.010000
17,unrel,rili,skar,drap,ctrl,30,0.020328
17,unrel,rili,skar,drap,targ,31,0.082929
17,unrel,rili,skar,drap,comp,31,-0.010000
17,unrel,rili,skar,drap,ctrl,31,0.018206
17,unrel,rili,skar,drap,targ,32,0.092275
17,unrel,rili,skar,drap,comp,32,-0.010000
17,unrel,rili,skar,drap,ctrl,32,0.015562
17,unrel,rili,skar,drap,targ,33,0.104325
17,unrel,rili,skar,drap,comp,33,-0.010000
17,unrel,rili,skar,drap,ctrl,33,0.012486
17,unrel,rili,skar,drap,targ,34,0.118628
17,unrel,rili,skar,drap,comp,34,-0.010000
17,unrel,rili,skar,drap,ctrl,34,0.009030
17,unrel,rili,skar,drap,targ,35,0.135170
17,unrel,rili,skar,drap,comp,35,-0.010000
17,unrel,rili,skar,drap,ctrl,35,0.004916
17,unrel,rili,skar,drap,targ,36,0.153475
17,unrel,rili,skar,drap,comp,36,-0.010000
17,unrel,rili,skar,drap,ctrl,36,0.000091
17,unrel,rili,skar,drap,targ,37,0.172777
17,unrel,rili,skar,drap,comp,37,-0.010000
17,unrel,rili,skar,drap,ctrl,37,-0.005486
17,unrel,rili,skar,drap,targ,38,0.192559
17,unrel,rili,skar,drap,comp,38,-0.010000
17,unrel,rili,skar,drap,ctrl,38,-0.010000
17,unrel,rili,skar,drap,targ,39,0.213590
17,unrel,rili,skar,drap,comp,39,-0.010000
17,unrel,rili,skar,drap,ctrl,39,-0.010000
17,unrel,rili,skar,drap,targ,40,0.235608
17,unrel,rili,skar,drap,comp,40,-0.010000
17,unrel,rili,skar,drap,ctrl,40,-0.010000
17,unrel,rili,skar,drap,targ,41,0.257775
17,unrel,rili,skar,drap,comp,41,-0.010000
17,unrel,rili,skar,drap,ctrl,41,-0.010000
17,unrel,rili,skar,drap,targ,42,0.279515
17,unrel,rili,skar,drap,comp,42,-0.010000
17,unrel,rili,skar,drap,ctrl,42,-0.010000
17,unrel,rili,skar,drap,targ,43,0.300359
17,unrel,rili,skar,drap,comp,43,-0.010000
17,unrel,rili,skar,drap,ctrl,43,-0.010000
17,unrel,rili,skar,drap,targ,44,0.319724
17,unrel,rili,skar,drap,comp,44,-0.010000
17,unrel,rili,skar,drap,ctrl,44,-0.010000
17,unrel,rili,skar,drap,targ,45,0.337446
17,unrel,rili,skar,drap,comp,45,-0.010000
17,unrel,rili,skar,drap,ctrl,45,-0.010000
17,unrel,rili,skar,drap,targ,46,0.353600
17,unrel,rili,skar,drap,comp,46,-0.010000
17,unrel,rili,skar,drap,ctrl,46,-0.010000
17,unrel,rili,skar,drap,targ,47,0.368182
17,unrel,rili,skar,drap,comp,47,-0.010000
17,unrel,rili,skar,drap,ctrl,47,-0.010000
17,unrel,rili,skar,drap,targ,48,0.381261
17,unrel,rili,skar,drap,comp,48,-0.010000
17,unrel,rili,skar,drap,ctrl,48,-0.010000
17,unrel,rili,skar,drap,targ,49,0.393033
17,unrel,rili,skar,drap,comp,49,-0.010000
17,unrel,rili,skar,drap,ctrl,49,-0.010000
17,unrel,rili,skar,drap,targ,50,0.403707
17,unrel,rili,skar,drap,comp,50,-0.010000
17,unrel,rili,skar,drap,ctrl,50,-0.010000
17,unrel,rili,skar,drap,targ,51,0.413315
17,unrel,rili,skar,drap,comp,51,-0.010000
17,unrel,rili,skar,drap,ctrl,51,-0.010000
17,unrel,rili,skar,drap,targ,52,0.421909
17,unrel,rili,skar,drap,comp,52,-0.010000
17,unrel,rili,skar,drap,ctrl,52,-0.010000
17,unrel,rili,skar,drap,targ,53,0.429531
17,unrel,rili,skar,drap,comp,53,-0.010000
17,unrel,rili,skar,drap,ctrl,53,-0.010000
17,unrel,rili,skar,drap,targ,54,0.436259
17,unrel,rili,skar,drap,comp,54,-0.010000
17,unrel,rili,skar,drap,ctrl,54,-0.010000
17,unrel,rili,skar,drap,targ,55,0.442260
17,unrel,rili,skar,drap,comp,55,-0.010000
17,unrel,rili,skar,drap,ctrl,55,-0.010000
17,unrel,rili,skar,drap,targ,56,0.449724
17,unrel,rili,skar,drap,comp,56,-0.010000
17,unrel,rili,skar,drap,ctrl,56,-0.010000
17,unrel,rili,skar,drap,targ,57,0.456827
17,unrel,rili,skar,drap,comp,57,-0.010000
17,unrel,rili,skar,drap,ctrl,57,-0.010000
17,unrel,rili,skar,drap,targ,58,0.463658
17,unrel,rili,skar,drap,comp,58,-0.010000
17,unrel,rili,skar,drap,ctrl,58,-0.010000
17,unrel,rili,skar,drap,targ,59,0.470269
17,unrel,rili,skar,drap,comp,59,-0.010000
17,unrel,rili,skar,drap,ctrl,59,-0.010000
17,unrel,rili,skar,drap,targ,60,0.476675
17,unrel,rili,skar,drap,comp,60,-0.010000
17,unrel,rili,skar,drap,ctrl,60,-0.010000
17,unrel,rili,skar,drap,targ,61,0.482884
17,unrel,rili,skar,drap,comp,61,-0.010000
17,unrel,rili,skar,drap,ctrl,61,-0.010000
17,unrel,rili,skar,drap,targ,62,0.488897
17,unrel,rili,skar,drap,comp,62,-0.010000
17,unrel,rili,skar,drap,ctrl,62,-0.010000
17,unrel,rili,skar,drap,targ,63,0.494713
17,unrel,rili,skar,drap,comp,63,-0.010000
17,unrel,rili,skar,drap,ctrl,63,-0.010000
17,unrel,rili,skar,drap,targ,64,0.500310
17,unrel,rili,skar,drap,comp,64,-0.010000
17,unrel,rili,skar,drap,ctrl,64,-0.010000
17,unrel,rili,skar,drap,targ,65,0.505661
17,unrel,rili,skar,drap,comp,65,-0.010000
17,unrel,rili,skar,drap,ctrl,65,-0.010000
17,unrel,rili,skar,drap,targ,66,0.510748
17,unrel,rili,skar,drap,comp,66,-0.010000
17,unrel,rili,skar,drap,ctrl,66,-0.010000
17,unrel,rili,skar,drap,targ,67,0.515550
17,unrel,rili,skar,drap,comp,67,-0.010000
17,unrel,rili,skar,drap,ctrl,67,-0.010000
17,unrel,rili,skar,drap,targ,68,0.520057
17,unrel,rili,skar,drap,comp,68,-0.010000
17,unrel,rili,skar,drap,ctrl,68,-0.010000
17,unrel,rili,skar,drap,targ,69,0.524266
17,unrel,rili,skar,drap,comp,69,-0.010000
17,unrel,rili,skar,drap,ctrl,69,-0.010000
17,unrel,rili,skar,drap,targ,70,0.528195
17,unrel,rili,skar,drap,comp,70,-0.010000
17,unrel,rili,skar,drap,ctrl,70,-0.010000
17,unrel,rili,skar,drap,targ,71,0.531863
17,unrel,rili,skar,drap,comp,71,-0.010000
17,unrel,rili,skar,drap,ctrl,71,-0.010000
17,unrel,rili,skar,drap,targ,72,0.535294
17,unrel,rili,skar,drap,comp,72,-0.010000
17,unrel,rili,skar,drap,ctrl,72,-0.010000
17,unrel,rili,skar,drap,targ,73,0.538525
17,unrel,rili,skar,drap,comp,73,-0.010000
17,unrel,rili,skar,drap,ctrl,73,-0.010000
17,unrel,rili,skar,drap,targ,74,0.541585
17,unrel,rili,skar,drap,comp,74,-0.010000
17,unrel,rili,skar,drap,ctrl,74,-0.010000
17,unrel,rili,skar,drap,targ,75,0.544499
17,unrel,rili,skar,drap,comp,75,-0.010000
17,unrel,rili,skar,drap,ctrl,75,-0.010000
17,unrel,rili,skar,drap,targ,76,0.547285
17,unrel,rili,skar,drap,comp,76,-0.010000
17,unrel,rili,skar,drap,ctrl,76,-0.010000
17,unrel,rili,skar,drap,targ,77,0.549963
17,unrel,rili,skar,drap,comp,77,-0.010000
17,unrel,rili,skar,drap,ctrl,77,-0.010000
17,unrel,rili,skar,drap,targ,78,0.552546
17,unrel,rili,skar,drap,comp,78,-0.010000
17,unrel,rili,skar,drap,ctrl,78,-0.010000
17,unrel,rili,skar,drap,targ,79,0.555049
17,unrel,rili,skar,drap,comp,79,-0.010000
17,unrel,rili,skar,drap,ctrl,79,-0.010000
17,unrel,rili,skar,drap,targ,80,0.557483
17,unrel,rili,skar,drap,comp,80,-0.010000
17,unrel,rili,skar,drap,ctrl,80,-0.010000
17,unrel,rili,skar,drap,targ,81,0.559862
17,unrel,rili,skar,drap,comp,81,-0.010000
17,unrel,rili,skar,drap,ctrl,81,-0.010000
17,unrel,rili,skar,drap,targ,82,0.562193
17,unrel,rili,skar,drap,comp,82,-0.010000
17,unrel,rili,skar,drap,ctrl,82,-0.010000
17,unrel,rili,skar,drap,targ,83,0.564488
17,unrel,rili,skar,drap,comp,83,-0.010000
17,unrel,rili,skar,drap,ctrl,83,-0.010000
17,unrel,rili,skar,drap,targ,84,0.566754
17,unrel,rili,skar,drap,comp,84,-0.010000
17,unrel,rili,skar,drap,ctrl,84,-0.010000
17,unrel,rili,skar,drap,targ,85,0.568999
17,unrel,rili,skar,drap,comp,85,-0.010000
17,unrel,rili,skar,drap,ctrl,85,-0.010000
17,unrel,rili,skar,drap,targ,86,0.571227
17,unrel,rili,skar,drap,comp,86,-0.010000
17,unrel,rili,skar,drap,ctrl,86,-0.010000
17,unrel,rili,skar,drap,targ,87,0.573443
17,unrel,rili,skar,drap,comp,87,-0.010000
17,unrel,rili,skar,drap,ctrl,87,-0.010000
17,unrel,rili,skar,drap,targ,88,0.575656
17,unrel,rili,skar,drap,comp,88,-0.010000
17,unrel,rili,skar,drap,ctrl,88,-0.010000
17,unrel,rili,skar,drap,targ,89,0.577875
17,unrel,rili,skar,drap,comp,89,-0.010000
17,unrel,rili,skar,drap,ctrl,89,-0.010000
17,unrel,rili,skar,drap,targ,90,0.580106
17,unrel,rili,skar,drap,comp,90,-0.010000
17,unrel,rili,skar,drap,ctrl,90,-0.010000
18,unrel,art,star,Sild,targ,1,-0.010000
18,unrel,art,star,Sild,comp,1,-0.010000
18,unrel,art,star,Sild,ctrl,1,-0.010000
18,unrel,art,star,Sild,targ,2,-0.010000
18,unrel,art,star,Sild,comp,2,-0.010000
18,unrel,art,star,Sild,ctrl,2,-0.010000
18,unrel,art,star,Sild,targ,3,-0.010000
18,unrel,art,star,Sild,comp,3,-0.010000
18,unrel,art,star,Sild,ctrl,3,-0.010000
18,unrel,art,star,Sild,targ,4,-0.010000
18,unrel,art,star,Sild,comp,4,-0.010000
18,unrel,art,star,Sild,ctrl,4,-0.010000
18,unrel,art,star,Sild,targ,5,-0.010000
18,unrel,art,star,Sild,comp,5,-0.010000
18,unrel,art,star,Sild,ctrl,5,-0.010000
18,unrel,art,star,Sild,targ,6,-0.010000
18,unrel,art,star,Sild,comp,6,-0.010000
18,unrel,art,star,Sild,ctrl,6,-0.010000
18,unrel,art,star,Sild,targ,7,-0.010000
18,unrel,art,star,Sild,comp,7,-0.010000
18,unrel,art,star,Sild,ctrl,7,-0.010000
18,unrel,art,star,Sild,targ,8,-0.010000
18,unrel,art,star,Sild,comp,8,-0.010000
18,unrel,art,star,Sild,ctrl,8,-0.010000
18,unrel,art,star,Sild,targ,9,-0.010000
18,unrel,art,star,Sild,comp,9,-0.010000
18,unrel,art,star,Sild,ctrl,9,-0.010000
18,unrel,art,star,Sild,targ,10,-0.010000
18,unrel,art,star,Sild,comp,10,-0.010000
18,unrel,art,star,Sild,ctrl,10,-0.010000
18,unrel,art,star,Sild,targ,11,-0.010000
18,unrel,art,star,Sild,comp,11,-0.010000
18,unrel,art,star,Sild,ctrl,11,-0.010000
18,unrel,art,star,Sild,targ,12,-0.010000
18,unrel,art,star,Sild,comp,12,-0.010000
18,unrel,art,star,Sild,ctrl,12,-0.010000
18,unrel,art,star,Sild,targ,13,-0.010000
18,unrel,art,star,Sild,comp,13,-0.010000
18,unrel,art,star,Sild,ctrl,13,-0.010000
18,unrel,art,star,Sild,targ,14,-0.010000
18,unrel,art,star,Sild,comp,14,-0.010000
18,unrel,art,star,Sild,ctrl,14,-0.010000
18,unrel,art,star,Sild,targ,15,-0.010000
18,unrel,art,star,Sild,comp,15,-0.010000
18,unrel,art,star,Sild,ctrl,15,-0.010000
18,unrel,art,star,Sild,targ,16,-0.010000
18,unrel,art,star,Sild,comp,16,-0.010000
18,unrel,art,star,Sild,ctrl,16,-0.010000
18,unrel,art,star,Sild,targ,17,-0.010000
18,unrel,art,star,Sild,comp,17,-0.010000
18,unrel,art,star,Sild,ctrl,17,-0.010000
18,unrel,art,star,Sild,targ,18,-0.010000
18,unrel,art,star,Sild,comp,18,-0.010000
18,unrel,art,star,Sild,ctrl,18,-0.010000
18,unrel,art,star,Sild,targ,19,-0.010000
18,unrel,art,star,Sild,comp,19,-0.010000
18,unrel,art,star,Sild,ctrl,19,-0.010000
18,unrel,art,star,Sild,targ,20,-0.010000
18,unrel,art,star,Sild,comp,20,-0.010000
18,unrel,art,star,Sild,ctrl,20,-0.010000
18,unrel,art,star,Sild,targ,21,-0.009217
18,unrel,art,star,Sild,comp,21,-0.010000
18,unrel,art,star,Sild,ctrl,21,-0.010000
18,unrel,art,star,Sild,targ,22,-0.005734
18,unrel,art,star,Sild,comp,22,-0.010000
18,unrel,art,star,Sild,ctrl,22,-0.010000
18,unrel,art,star,Sild,targ,23,0.001177
18,unrel,art,star,Sild,comp,23,-0.010000
18,unrel,art,star,Sild,ctrl,23,-0.010000
18,unrel,art,star,Sild,targ,24,0.011292
18,unrel,art,star,Sild,comp,24,-0.010000
18,unrel,art,star,Sild,ctrl,24,-0.010000
18,unrel,art,star,Sild,targ,25,0.023430
18,unrel,art,star,Sild,comp,25,-0.010000
18,unrel,art,star,Sild,ctrl,25,-0.010000
18,unrel,art,star,Sild,targ,26,0.036275
18,unrel,art,star,Sild,comp,26,-0.010000
18,unrel,art,star,Sild,ctrl,26,-0.010000
18,unrel,art,star,Sild,targ,27,0.050108
18,unrel,art,star,Sild,comp,27,-0.010000
18,unrel,art,star,Sild,ctrl,27,-0.010000
18,unrel,art,star,Sild,targ,28,0.064168
18,unrel,art,star,Sild,comp,28,-0.010000
18,unrel,art,star,Sild,ctrl,28,-0.010000
18,unrel,art,star,Sild,targ,29,0.079131
18,unrel,art,star,Sild,comp,29,-0.010000
18,unrel,art,star,Sild,ctrl,29,-0.010000
18,unrel,art,star,Sild,targ,30,0.094264
18,unrel,art,star,Sild,comp,30,-0.010000
18,unrel,art,star,Sild,ctrl,30,-0.010000
18,unrel,art,star,Sild,targ,31,0.108974
18,unrel,art,star,Sild,comp,31,-0.010000
18,unrel,art,star,Sild,ctrl,31,-0.010000
18,unrel,art,star,Sild,targ,32,0.122863
18,unrel,art,star,Sild,comp,32,-0.010000
18,unrel,art,star,Sild,ctrl,32,-0.010000
18,unrel,art,star,Sild,targ,33,0.137992
18,unrel,art,star,Sild,comp,33,-0.010000
18,unrel,art,star,Sild,ctrl,33,-0.010000
18,unrel,art,star,Sild,targ,34,0.154427
18,unrel,art,star,Sild,comp,34,-0.010000
18,unrel,art,star,Sild,ctrl,34,-0.010000
18,unrel,art,star,Sild,targ,35,0.171716
18,unrel,art,star,Sild,comp,35,-0.010000
18,unrel,art,star,Sild,ctrl,35,-0.010000
18,unrel,art,star,Sild,targ,36,0.189279
18,unrel,art,star,Sild,comp,36,-0.010000
18,unrel,art,star,Sild,ctrl,36,-0.010000
18,unrel,art,star,Sild,targ,37,0.206564
18,unrel,art,star,Sild,comp,37,-0.010000
18,unrel,art,star,Sild,ctrl,37,-0.010000
18,unrel,art,star,Sild,targ,38,0.223445
18,unrel,art,star,Sild,comp,38,-0.010000
18,unrel,art,star,Sild,ctrl,38,-0.010000
18,unrel,art,star,Sild,targ,39,0.239849
18,unrel,art,star,Sild,comp,39,-0.010000
18,unrel,art,star,Sild,ctrl,39,-0.010000
18,unrel,art,star,Sild,targ,40,0.255565
18,unrel,art,star,Sild,comp,40,-0.010000
18,unrel,art,star,Sild,ctrl,40,-0.010000
18,unrel,art,star,Sild,targ,41,0.270494
18,unrel,art,star,Sild,comp,41,-0.010000
18,unrel,art,star,Sild,ctrl,41,-0.010000
18,unrel,art,star,Sild,targ,42,0.284696
18,unrel,art,star,Sild,comp,42,-0.010000
18,unrel,art,star,Sild,ctrl,42,-0.010000
18,unrel,art,star,Sild,targ,43,0.298208
18,unrel,art,star,Sild,comp,43,-0.010000
18,unrel,art,star,Sild,ctrl,43,-0.010000
18,unrel,art,star,Sild,targ,44,0.311056
18,unrel,art,star,Sild,comp,44,-0.010000
18,unrel,art,star,Sild,ctrl,44,-0.010000
18,unrel,art,star,Sild,targ,45,0.323279
18,unrel,art,star,Sild,comp,45,-0.010000
18,unrel,art,star,Sild,ctrl,45,-0.010000
18,unrel,art,star,Sild,targ,46,0.334826
18,unrel,art,star,Sild,comp,46,-0.010000
18,unrel,art,star,Sild,ctrl,46,-0.010000
18,unrel,art,star,Sild,targ,47,0.345808
18,unrel,art,star,Sild,comp,47,-0.010000
18,unrel,art,star,Sild,ctrl,47,-0.010000
18,unrel,art,star,Sild,targ,48,0.356324
18,unrel,art,star,Sild,comp,48,-0.010000
18,unrel,art,star,Sild,ctrl,48,-0.010000
18,unrel,art,star,Sild,targ,49,0.366393
18,unrel,art,star,Sild,comp,49,-0.010000
18,unrel,art,star,Sild,ctrl,49,-0.010000
18,unrel,art,star,Sild,targ,50,0.376061
18,unrel,art,star,Sild,comp,50,-0.010000
18,unrel,art,star,Sild,ctrl,50,-0.010000
18,unrel,art,star,Sild,targ,51,0.385370
18,unrel,art,star,Sild,comp,51,-0.010000
18,unrel,art,star,Sild,ctrl,51,-0.010000
18,unrel,art,star,Sild,targ,52,0.394365
18,unrel,art,star,Sild,comp,52,-0.010000
18,unrel,art,star,Sild,ctrl,52,-0.010000
18,unrel,art,star,Sild,targ,53,0.403085
18,unrel,art,star,Sild,comp,53,-0.010000
18,unrel,art,star,Sild,ctrl,53,-0.010000
18,unrel,art,star,Sild,targ,54,0.411548
18,unrel,art,star,Sild,comp,54,-0.010000
18,unrel,art,star,Sild,ctrl,54,-0.010000
18,unrel,art,star,Sild,targ,55,0.419759
18,unrel,art,star,Sild,comp,55,-0.010000
18,unrel,art,star,Sild,ctrl,55,-0.010000
18,unrel,art,star,Sild,targ,56,0.427725
18,unrel,art,star,Sild,comp,56,-0.010000
18,unrel,art,star,Sild,ctrl,56,-0.010000
18,unrel,art,star,Sild,targ,57,0.435447
18,unrel,art,star,Sild,comp,57,-0.010000
18,unrel,art,star,Sild,ctrl,57,-0.010000
18,unrel,art,star,Sild,targ,58,0.442918
18,unrel,art,star,Sild,comp,58,-0.010000
18,unrel,art,star,Sild,ctrl,58,-0.010000
18,unrel,art,star,Sild,targ,59,0.450124
18,unrel,art,star,Sild,comp,59,-0.010000
18,unrel,art,star,Sild,ctrl,59,-0.010000
18,unrel,art,star,Sild,targ,60,0.457038
18,unrel,art,star,Sild,comp,60,-0.010000
18,unrel,art,star,Sild,ctrl,60,-0.010000
18,unrel,art,star,Sild,targ,61,0.463618
18,unrel,art,star,Sild,comp,61,-0.010000
18,unrel,art,star,Sild,ctrl,61,-0.010000
18,unrel,art,star,Sild,targ,62,0.469829
18,unrel,art,star,Sild,comp,62,-0.010000
18,unrel,art,star,Sild,ctrl,62,-0.010000
18,unrel,art,star,Sild,targ,63,0.475648
18,unrel,art,star,Sild,comp,63,-0.010000
18,unrel,art,star,Sild,ctrl,63,-0.010000
18,unrel,art,star,Sild,targ,64,0.481061
18,unrel,art,star,Sild,comp,64,-0.010000
18,unrel,art,star,Sild,ctrl,64,-0.010000
18,unrel,art,star,Sild,targ,65,0.486059
18,unrel,art,star,Sild,comp,65,-0.010000
18,unrel,art,star,Sild,ctrl,65,-0.010000
18,unrel,art,star,Sild,targ,66,0.490631
18,unrel,art,star,Sild,comp,66,-0.010000
18,unrel,art,star,Sild,ctrl,66,-0.010000
18,unrel,art,star,Sild,targ,67,0.494770
18,unrel,art,star,Sild,comp,67,-0.010000
18,unrel,art,star,Sild,ctrl,67,-0.010000
18,unrel,art,star,Sild,targ,68,0.498472
18,unrel,art,star,Sild,comp,68,-0.010000
18,unrel,art,star,Sild,ctrl,68,-0.010000
18,unrel,art,star,Sild,targ,69,0.501753
18,unrel,art,star,Sild,comp,69,-0.010000
18,unrel,art,star,Sild,ctrl,69,-0.010000
18,unrel,art,star,Sild,targ,70,0.504646
18,unrel,art,star,Sild,comp,70,-0.010000
18,unrel,art,star,Sild,ctrl,70,-0.010000
18,unrel,art,star,Sild,targ,71,0.507180
18,unrel,art,star,Sild,comp,71,-0.010000
18,unrel,art,star,Sild,ctrl,71,-0.010000
18,unrel,art,star,Sild,targ,72,0.509376
18,unrel,art,star,Sild,comp,72,-0.010000
18,unrel,art,star,Sild,ctrl,72,-0.010000
18,unrel,art,star,Sild,targ,73,0.511255
18,unrel,art,star,Sild,comp,73,-0.010000
18,unrel,art,star,Sild,ctrl,73,-0.010000
18,unrel,art,star,Sild,targ,74,0.512838
18,unrel,art,star,Sild,comp,74,-0.010000
18,unrel,art,star,Sild,ctrl,74,-0.010000
18,unrel,art,star,Sild,targ,75,0.514154
18,unrel,art,star,Sild,comp,75,-0.010000
18,unrel,art,star,Sild,ctrl,75,-0.010000
18,unrel,art,star,Sild,targ,76,0.515250
18,unrel,art,star,Sild,comp,76,-0.010000
18,unrel,art,star,Sild,ctrl,76,-0.010000
18,unrel,art,star,Sild,targ,77,0.516173
18,unrel,art,star,Sild,comp,77,-0.010000
18,unrel,art,star,Sild,ctrl,77,-0.010000
18,unrel,art,star,Sild,targ,78,0.516958
18,unrel,art,star,Sild,comp,78,-0.010000
18,unrel,art,star,Sild,ctrl,78,-0.010000
18,unrel,art,star,Sild,targ,79,0.517632
18,unrel,art,star,Sild,comp,79,-0.010000
18,unrel,art,star,Sild,ctrl,79,-0.010000
18,unrel,art,star,Sild,targ,80,0.518218
18,unrel,art,star,Sild,comp,80,-0.010000
18,unrel,art,star,Sild,ctrl,80,-0.010000
18,unrel,art,star,Sild,targ,81,0.518733
18,unrel,art,star,Sild,comp,81,-0.010000
18,unrel,art,star,Sild,ctrl,81,-0.010000
18,unrel,art,star,Sild,targ,82,0.519191
18,unrel,art,star,Sild,comp,82,-0.010000
18,unrel,art,star,Sild,ctrl,82,-0.010000
18,unrel,art,star,Sild,targ,83,0.519604
18,unrel,art,star,Sild,comp,83,-0.010000
18,unrel,art,star,Sild,ctrl,83,-0.010000
18,unrel,art,star,Sild,targ,84,0.519983
18,unrel,art,star,Sild,comp,84,-0.010000
18,unrel,art,star,Sild,ctrl,84,-0.010000
18,unrel,art,star,Sild,targ,85,0.520334
18,unrel,art,star,Sild,comp,85,-0.010000
18,unrel,art,star,Sild,ctrl,85,-0.010000
18,unrel,art,star,Sild,targ,86,0.520663
18,unrel,art,star,Sild,comp,86,-0.010000
18,unrel,art,star,Sild,ctrl,86,-0.010000
18,unrel,art,star,Sild,targ,87,0.520972
18,unrel,art,star,Sild,comp,87,-0.010000
18,unrel,art,star,Sild,ctrl,87,-0.010000
18,unrel,art,star,Sild,targ,88,0.521266
18,unrel,art,star,Sild,comp,88,-0.010000
18,unrel,art,star,Sild,ctrl,88,-0.010000
18,unrel,art,star,Sild,targ,89,0.521547
18,unrel,art,star,Sild,comp,89,-0.010000
18,unrel,art,star,Sild,ctrl,89,-0.010000
18,unrel,art,star,Sild,targ,90,0.521818
18,unrel,art,star,Sild,comp,90,-0.010000
18,unrel,art,star,Sild,ctrl,90,-0.010000
19,unrel,rid,skar,drap,targ,1,-0.010000
19,unrel,rid,skar,drap,comp,1,-0.010000
19,unrel,rid,skar,drap,ctrl,1,-0.010000
19,unrel,rid,skar,drap,targ,2,-0.010000
19,unrel,rid,skar,drap,comp,2,-0.010000
19,unrel,rid,skar,drap,ctrl,2,-0.010000
19,unrel,rid,skar,drap,targ,3,-0.010000
19,unrel,rid,skar,drap,comp,3,-0.010000
19,unrel,rid,skar,drap,ctrl,3,-0.010000
19,unrel,rid,skar,drap,targ,4,-0.010000
19,unrel,rid,skar,drap,comp,4,-0.010000
19,unrel,rid,skar,drap,ctrl,4,-0.010000
19,unrel,rid,skar,drap,targ,5,-0.010000
19,unrel,rid,skar,drap,comp,5,-0.010000
19,unrel,rid,skar,drap,ctrl,5,-0.010000
19,unrel,rid,skar,drap,targ,6,-0.010000
19,unrel,rid,skar,drap,comp,6,-0.010000
19,unrel,rid,skar,drap,ctrl,6,-0.010000
19,unrel,rid,skar,drap,targ,7,-0.010000
19,unrel,rid,skar,drap,comp,7,-0.010000
19,unrel,rid,skar,drap,ctrl,7,-0.010000
19,unrel,rid,skar,drap,targ,8,-0.010000
19,unrel,rid,skar,drap,comp,8,-0.010000
19,unrel,rid,skar,drap,ctrl,8,-0.010000
19,unrel,rid,skar,drap,targ,9,-0.010000
19,unrel,rid,skar,drap,comp,9,-0.010000
19,unrel,rid,skar,drap,ctrl,9,-0.010000
19,unrel,rid,skar,drap,targ,10,-0.010000
19,unrel,rid,skar,drap,comp,10,-0.010000
19,unrel,rid,skar,drap,ctrl,10,-0.010000
19,unrel,rid,skar,drap,targ,11,-0.010000
19,unrel,rid,skar,drap,comp,11,-0.010000
19,unrel,rid,skar,drap,ctrl,11,-0.010000
19,unrel,rid,skar,drap,targ,12,-0.010000
19,unrel,rid,skar,drap,comp,12,-0.010000
19,unrel,rid,skar,drap,ctrl,12,-0.010000
19,unrel,rid,skar,drap,targ,13,-0.010000
19,unrel,rid,skar,drap,comp,13,-0.010000
19,unrel,rid,skar,drap,ctrl,13,-0.010000
19,unrel,rid,skar,drap,targ,14,-0.010000
19,unrel,rid,skar,drap,comp,14,-0.010000
19,unrel,rid,skar,drap,ctrl,14,-0.010000
19,unrel,rid,skar,drap,targ,15,-0.010000
19,unrel,rid,skar,drap,comp,15,-0.010000
19,unrel,rid,skar,drap,ctrl,15,-0.010000
19,unrel,rid,skar,drap,targ,16,-0.010000
19,unrel,rid,skar,drap,comp,16,-0.010000
19,unrel,rid,skar,drap,ctrl,16,-0.010000
19,unrel,rid,skar,drap,targ,17,-0.010000
19,unrel,rid,skar,drap,comp,17,-0.010000
19,unrel,rid,skar,drap,ctrl,17,-0.010000
19,unrel,rid,skar,drap,targ,18,-0.010000
19,unrel,rid,skar,drap,comp,18,-0.010000
19,unrel,rid,skar,drap,ctrl,18,-0.010000
19,unrel,rid,skar,drap,targ,19,-0.010000
19,unrel,rid,skar,drap,comp,19,-0.010000
19,unrel,rid,skar,drap,ctrl,19,-0.010000
19,unrel,rid,skar,drap,targ,20,-0.010000
19,unrel,rid,skar,drap,comp,20,-0.010000
19,unrel,rid,skar,drap,ctrl,20,-0.010000
19,unrel,rid,skar,drap,targ,21,-0.009090
19,unrel,rid,skar,drap,comp,21,-0.010000
19,unrel,rid,skar,drap,ctrl,21,-0.010000
19,unrel,rid,skar,drap,targ,22,-0.005453
19,unrel,rid,skar,drap,comp,22,-0.010000
19,unrel,rid,skar,drap,ctrl,22,-0.009266
19,unrel,rid,skar,drap,targ,23,0.001732
19,unrel,rid,skar,drap,comp,23,-0.010000
19,unrel,rid,skar,drap,ctrl,23,-0.005138
19,unrel,rid,skar,drap,targ,24,0.012307
19,unrel,rid,skar,drap,comp,24,-0.010000
19,unrel,rid,skar,drap,ctrl,24,0.001996
19,unrel,rid,skar,drap,targ,25,0.024803
19,unrel,rid,skar,drap,comp,25,-0.010000
19,unrel,rid,skar,drap,ctrl,25,0.010666
19,unrel,rid,skar,drap,targ,26,0.036289
19,unrel,rid,skar,drap,comp,26,-0.010000
19,unrel,rid,skar,drap,ctrl,26,0.017541
19,unrel,rid,skar,drap,targ,27,0.046997
19,unrel,rid,skar,drap,comp,27,-0.010000
19,unrel,rid,skar,drap,ctrl,27,0.020686
19,unrel,rid,skar,drap,targ,28,0.058094
19,unrel,rid,skar,drap,comp,28,-0.010000
19,unrel,rid,skar,drap,ctrl,28,0.022146
19,unrel,rid,skar,drap,targ,29,0.070036
19,unrel,rid,skar,drap,comp,29,-0.010000
19,unrel,rid,skar,drap,ctrl,29,0.021285
19,unrel,rid,skar,drap,targ,30,0.082624
19,unrel,rid,skar,drap,comp,30,-0.010000
19,unrel,rid,skar,drap,ctrl,30,0.019492
19,unrel,rid,skar,drap,targ,31,0.095230
19,unrel,rid,skar,drap,comp,31,-0.010000
19,unrel,rid,skar,drap,ctrl,31,0.017095
19,unrel,rid,skar,drap,targ,32,0.107697
19,unrel,rid,skar,drap,comp,32,-0.010000
19,unrel,rid,skar,drap,ctrl,32,0.014078
19,unrel,rid,skar,drap,targ,33,0.122425
19,unrel,rid,skar,drap,comp,33,-0.010000
19,unrel,rid,skar,drap,ctrl,33,0.010527
19,unrel,rid,skar,drap,targ,34,0.139848
19,unrel,rid,skar,drap,comp,34,-0.010000
19,unrel,rid,skar,drap,ctrl,34,0.006584
19,unrel,rid,skar,drap,targ,35,0.159581
19,unrel,rid,skar,drap,comp,35,-0.010000
19,unrel,rid,skar,drap,ctrl,35,0.002001
19,unrel,rid,skar,drap,targ,36,0.180381
19,unrel,rid,skar,drap,comp,36,-0.010000
19,unrel,rid,skar,drap,ctrl,36,-0.003231
19,unrel,rid,skar,drap,targ,37,0.201513
19,unrel,rid,skar,drap,comp,37,-0.010000
19,unrel,rid,skar,drap,ctrl,37,-0.009250
19,unrel,rid,skar,drap,targ,38,0.222631
19,unrel,rid,skar,drap,comp,38,-0.010000
19,unrel,rid,skar,drap,ctrl,38,-0.010000
19,unrel,rid,skar,drap,targ,39,0.243531
19,unrel,rid,skar,drap,comp,39,-0.010000
19,unrel,rid,skar,drap,ctrl,39,-0.010000
19,unrel,rid,skar,drap,targ,40,0.264047
19,unrel,rid,skar,drap,comp,40,-0.010000
19,unrel,rid,skar,drap,ctrl,40,-0.006056
19,unrel,rid,skar,drap,targ,41,0.283905
19,unrel,rid,skar,drap,comp,41,-0.010000
19,unrel,rid,skar,drap,ctrl,41,0.000580
19,unrel,rid,skar,drap,targ,42,0.302962
19,unrel,rid,skar,drap,comp,42,-0.010000
19,unrel,rid,skar,drap,ctrl,42,0.007442
19,unrel,rid,skar,drap,targ,43,0.321186
19,unrel,rid,skar,drap,comp,43,-0.010000
19,unrel,rid,skar,drap,ctrl,43,0.014174
19,unrel,rid,skar,drap,targ,44,0.338575
19,unrel,rid,skar,drap,comp,44,-0.010000
19,unrel,rid,skar,drap,ctrl,44,0.020418
19,unrel,rid,skar,drap,targ,45,0.355159
19,unrel,rid,skar,drap,comp,45,-0.010000
19,unrel,rid,skar,drap,ctrl,45,0.025877
19,unrel,rid,skar,drap,targ,46,0.370963
19,unrel,rid,skar,drap,comp,46,-0.010000
19,unrel,rid,skar,drap,ctrl,46,0.030303
19,unrel,rid,skar,drap,targ,47,0.386075
19,unrel,rid,skar,drap,comp,47,-0.010000
19,unrel,rid,skar,drap,ctrl,47,0.033552
19,unrel,rid,skar,drap,targ,48,0.400538
19,unrel,rid,skar,drap,comp,48,-0.010000
19,unrel,rid,skar,drap,ctrl,48,0.035488
19,unrel,rid,skar,drap,targ,49,0.414353
19,unrel,rid,skar,drap,comp,49,-0.010000
19,unrel,rid,skar,drap,ctrl,49,0.036014
19,unrel,rid,skar,drap,targ,50,0.427504
19,unrel,rid,skar,drap,comp,50,-0.010000
19,unrel,rid,skar,drap,ctrl,50,0.035095
19,unrel,rid,skar,drap,targ,51,0.439965
19,unrel,rid,skar,drap,comp,51,-0.010000
19,unrel,rid,skar,drap,ctrl,51,0.032805
19,unrel,rid,skar,drap,targ,52,0.451721
19,unrel,rid,skar,drap,comp,52,-0.010000
19,unrel,rid,skar,drap,ctrl,52,0.030106
19,unrel,rid,skar,drap,targ,53,0.462737
19,unrel,rid,skar,drap,comp,53,-0.010000
19,unrel,rid,skar,drap,ctrl,53,0.026963
19,unrel,rid,skar,drap,targ,54,0.472993
19,unrel,rid,skar,drap,comp,54,-0.010000
19,unrel,rid,skar,drap,ctrl,54,0.023357
19,unrel,rid,skar,drap,targ,55,0.482477
19,unrel,rid,skar,drap,comp,55,-0.010000
19,unrel,rid,skar,drap,ctrl,55,0.019283
19,unrel,rid,skar,drap,targ,56,0.491187
19,unrel,rid,skar,drap,comp,56,-0.010000
19,unrel,rid,skar,drap,ctrl,56,0.014747
19,unrel,rid,skar,drap,targ,57,0.499113
19,unrel,rid,skar,drap,comp,57,-0.010000
19,unrel,rid,skar,drap,ctrl,57,0.009763
19,unrel,rid,skar,drap,targ,58,0.506245
19,unrel,rid,skar,drap,comp,58,-0.010000
19,unrel,rid,skar,drap,ctrl,58,0.004346
19,unrel,rid,skar,drap,targ,59,0.512581
19,unrel,rid,skar,drap,comp,59,-0.010000
19,unrel,rid,skar,drap,ctrl,59,-0.001484
19,unrel,rid,skar,drap,targ,60,0.518135
19,unrel,rid,skar,drap,comp,60,-0.010000
19,unrel,rid,skar,drap,ctrl,60,-0.007700
19,unrel,rid,skar,drap,targ,61,0.522951
19,unrel,rid,skar,drap,comp,61,-0.010000
19,unrel,rid,skar,drap,ctrl,61,-0.010000
19,unrel,rid,skar,drap,targ,62,0.527091
19,unrel,rid,skar,drap,comp,62,-0.010000
19,unrel,rid,skar,drap,ctrl,62,-0.010000
19,unrel,rid,skar,drap,targ,63,0.530615
19,unrel,rid,skar,drap,comp,63,-0.010000
19,unrel,rid,skar,drap,ctrl,63,-0.010000
19,unrel,rid,skar,drap,targ,64,0.533581
19,unrel,rid,skar,drap,comp,64,-0.010000
19,unrel,rid,skar,drap,ctrl,64,-0.010000
19,unrel,rid,skar,drap,targ,65,0.536050
19,unrel,rid,skar,drap,comp,65,-0.010000
19,unrel,rid,skar,drap,ctrl,65,-0.010000
19,unrel,rid,skar,drap,targ,66,0.538078
19,unrel,rid,skar,drap,comp,66,-0.010000
19,unrel,rid,skar,drap,ctrl,66,-0.010000
19,unrel,rid,skar,drap,targ,67,0.539710
19,unrel,rid,skar,drap,comp,67,-0.010000
19,unrel,rid,skar,drap,ctrl,67,-0.010000
19,unrel,rid,skar,drap,targ,68,0.540995
19,unrel,rid,skar,drap,comp,68,-0.010000
19,unrel,rid,skar,drap,ctrl,68,-0.010000
19,unrel,rid,skar,drap,targ,69,0.541979
19,unrel,rid,skar,drap,comp,69,-0.010000
19,unrel,rid,skar,drap,ctrl,69,-0.010000
19,unrel,rid,skar,drap,targ,70,0.542702
19,unrel,rid,skar,drap,comp,70,-0.010000
19,unrel,rid,skar,drap,ctrl,70,-0.010000
19,unrel,rid,skar,drap,targ,71,0.543199
19,unrel,rid,skar,drap,comp,71,-0.010000
19,unrel,rid,skar,drap,ctrl,71,-0.010000
19,unrel,rid,skar,drap,targ,72,0.543503
19,unrel,rid,skar,drap,comp,72,-0.010000
19,unrel,rid,skar,drap,ctrl,72,-0.010000
19,unrel,rid,skar,drap,targ,73,0.543644
19,unrel,rid,skar,drap,comp,73,-0.010000
19,unrel,rid,skar,drap,ctrl,73,-0.010000
19,unrel,rid,skar,drap,targ,74,0.543654
19,unrel,rid,skar,drap,comp,74,-0.010000
19,unrel,rid,skar,drap,ctrl,74,-0.010000
19,unrel,rid,skar,drap,targ,75,0.543564
19,unrel,rid,skar,drap,comp,75,-0.010000
19,unrel,rid,skar,drap,ctrl,75,-0.010000
19,unrel,rid,skar,drap,targ,76,0.543402
19,unrel,rid,skar,drap,comp,76,-0.010000
19,unrel,rid,skar,drap,ctrl,76,-0.010000
19,unrel,rid,skar,drap,targ,77,0.543188
19,unrel,rid,skar,drap,comp,77,-0.010000
19,unrel,rid,skar,drap,ctrl,77,-0.010000
19,unrel,rid,skar,drap,targ,78,0.542939
19,unrel,rid,skar,drap,comp,78,-0.010000
19,unrel,rid,skar,drap,ctrl,78,-0.010000
19,unrel,rid,skar,drap,targ,79,0.542670
19,unrel,rid,skar,drap,comp,79,-0.010000
19,unrel,rid,skar,drap,ctrl,79,-0.010000
19,unrel,rid,skar,drap,targ,80,0.542393
19,unrel,rid,skar,drap,comp,80,-0.010000
19,unrel,rid,skar,drap,ctrl,80,-0.010000
19,unrel,rid,skar,drap,targ,81,0.542115
19,unrel,rid,skar,drap,comp,81,-0.010000
19,unrel,rid,skar,drap,ctrl,81,-0.010000
19,unrel,rid,skar,drap,targ,82,0.541845
19,unrel,rid,skar,drap,comp,82,-0.010000
19,unrel,rid,skar,drap,ctrl,82,-0.010000
19,unrel,rid,skar,drap,targ,83,0.541592
19,unrel,rid,skar,drap,comp,83,-0.010000
19,unrel,rid,skar,drap,ctrl,83,-0.010000
19,unrel,rid,skar,drap,targ,84,0.541359
19,unrel,rid,skar,drap,comp,84,-0.010000
19,unrel,rid,skar,drap,ctrl,84,-0.010000
19,unrel,rid,skar,drap,targ,85,0.541153
19,unrel,rid,skar,drap,comp,85,-0.010000
19,unrel,rid,skar,drap,ctrl,85,-0.010000
19,unrel,rid,skar,drap,targ,86,0.540975
19,unrel,rid,skar,drap,comp,86,-0.010000
19,unrel,rid,skar,drap,ctrl,86,-0.010000
19,unrel,rid,skar,drap,targ,87,0.540825
19,unrel,rid,skar,drap,comp,87,-0.010000
19,unrel,rid,skar,drap,ctrl,87,-0.010000
19,unrel,rid,skar,drap,targ,88,0.540704
19,unrel,rid,skar,drap,comp,88,-0.010000
19,unrel,rid,skar,drap,ctrl,88,-0.010000
19,unrel,rid,skar,drap,targ,89,0.540610
19,unrel,rid,skar,drap,comp,89,-0.010000
19,unrel,rid,skar,drap,ctrl,89,-0.010000
19,unrel,rid,skar,drap,targ,90,0.540543
19,unrel,rid,skar,drap,comp,90,-0.010000
19,unrel,rid,skar,drap,ctrl,90,-0.010000
20,unrel,stap,^lat,grik,targ,1,-0.010000
20,unrel,stap,^lat,grik,comp,1,-0.010000
20,unrel,stap,^lat,grik,ctrl,1,-0.010000
20,unrel,stap,^lat,grik,targ,2,-0.010000
20,unrel,stap,^lat,grik,comp,2,-0.010000
20,unrel,stap,^lat,grik,ctrl,2,-0.010000
20,unrel,stap,^lat,grik,targ,3,-0.010000
20,unrel,stap,^lat,grik,comp,3,-0.010000
20,unrel,stap,^lat,grik,ctrl,3,-0.010000
20,unrel,stap,^lat,grik,targ,4,-0.010000
20,unrel,stap,^lat,grik,comp,4,-0.010000
20,unrel,stap,^lat,grik,ctrl,4,-0.010000
20,unrel,stap,^lat,grik,targ,5,-0.010000
20,unrel,stap,^lat,grik,comp,5,-0.010000
20,unrel,stap,^lat,grik,ctrl,5,-0.010000
20,unrel,stap,^lat,grik,targ,6,-0.010000
20,unrel,stap,^lat,grik,comp,6,-0.010000
20,unrel,stap,^lat,grik,ctrl,6,-0.010000
20,unrel,stap,^lat,grik,targ,7,-0.010000
20,unrel,stap,^lat,grik,comp,7,-0.010000
20,unrel,stap,^lat,grik,ctrl,7,-0.010000
20,unrel,stap,^lat,grik,targ,8,-0.010000
20,unrel,stap,^lat,grik,comp,8,-0.010000
20,unrel,stap,^lat,grik,ctrl,8,-0.010000
20,unrel,stap,^lat,grik,targ,9,-0.010000
20,unrel,stap,^lat,grik,comp,9,-0.010000
20,unrel,stap,^lat,grik,ctrl,9,-0.010000
20,unrel,stap,^lat,grik,targ,10,-0.010000
20,unrel,stap,^lat,grik,comp,10,-0.010000
20,unrel,stap,^lat,grik,ctrl,10,-0.010000
20,unrel,stap,^lat,grik,targ,11,-0.010000
20,unrel,stap,^lat,grik,comp,11,-0.010000
20,unrel,stap,^lat,grik,ctrl,11,-0.010000
20,unrel,stap,^lat,grik,targ,12,-0.010000
20,unrel,stap,^lat,grik,comp,12,-0.010000
20,unrel,stap,^lat,grik,ctrl,12,-0.010000
20,unrel,stap,^lat,grik,targ,13,-0.010000
20,unrel,stap,^lat,grik,comp,13,-0.010000
20,unrel,stap,^lat,grik,ctrl,13,-0.010000
20,unrel,stap,^lat,grik,targ,14,-0.010000
20,unrel,stap,^lat,grik,comp,14,-0.010000
20,unrel,stap,^lat,grik,ctrl,14,-0.010000
20,unrel,stap,^lat,grik,targ,15,-0.010000
20,unrel,stap,^lat,grik,comp,15,-0.010000
20,unrel,stap,^lat,grik,ctrl,15,-0.010000
20,unrel,stap,^lat,grik,targ,16,-0.010000
20,unrel,stap,^lat,grik,comp,16,-0.010000
20,unrel,stap,^lat,grik,ctrl,16,-0.010000
20,unrel,stap,^lat,grik,targ,17,-0.010000
20,unrel,stap,^lat,grik,comp,17,-0.010000
20,unrel,stap,^lat,grik,ctrl,17,-0.010000
20,unrel,stap,^lat,grik,targ,18,-0.010000
20,unrel,stap,^lat,grik,comp,18,-0.010000
20,unrel,stap,^lat,grik,ctrl,18,-0.010000
20,unrel,stap,^lat,grik,targ,19,-0.010000
20,unrel,stap,^lat,grik,comp,19,-0.010000
20,unrel,stap,^lat,grik,ctrl,19,-0.010000
20,unrel,stap,^lat,grik,targ,20,-0.010000
20,unrel,stap,^lat,grik,comp,20,-0.010000
20,unrel,stap,^lat,grik,ctrl,20,-0.010000
20,unrel,stap,^lat,grik,targ,21,-0.009217
20,unrel,stap,^lat,grik,comp,21,-0.010000
20,unrel,stap,^lat,grik,ctrl,21,-0.010000
20,unrel,stap,^lat,grik,targ,22,-0.005720
20,unrel,stap,^lat,grik,comp,22,-0.010000
20,unrel,stap,^lat,grik,ctrl,22,-0.010000
20,unrel,stap,^lat,grik,targ,23,0.001520
20,unrel,stap,^lat,grik,comp,23,-0.010000
20,unrel,stap,^lat,grik,ctrl,23,-0.010000
20,unrel,stap,^lat,grik,targ,24,0.012585
20,unrel,stap,^lat,grik,comp,24,-0.010000
20,unrel,stap,^lat,grik,ctrl,24,-0.010000
20,unrel,stap,^lat,grik,targ,25,0.025807
20,unrel,stap,^lat,grik,comp,25,-0.010002
20,unrel,stap,^lat,grik,ctrl,25,-0.010002
20,unrel,stap,^lat,grik,targ,26,0.036571
20,unrel,stap,^lat,grik,comp,26,-0.010011
20,unrel,stap,^lat,grik,ctrl,26,-0.010011
20,unrel,stap,^lat,grik,targ,27,0.046651
20,unrel,stap,^lat,grik,comp,27,-0.010025
20,unrel,stap,^lat,grik,ctrl,27,-0.010025
20,unrel,stap,^lat,grik,targ,28,0.057188
20,unrel,stap,^lat,grik,comp,28,-0.010038
20,unrel,stap,^lat,grik,ctrl,28,-0.010038
20,unrel,stap,^lat,grik,targ,29,0.068842
20,unrel,stap,^lat,grik,comp,29,-0.010048
20,unrel,stap,^lat,grik,ctrl,29,-0.010048
20,unrel,stap,^lat,grik,targ,30,0.080526
20,unrel,stap,^lat,grik,comp,30,-0.010055
20,unrel,stap,^lat,grik,ctrl,30,-0.010055
20,unrel,stap,^lat,grik,targ,31,0.091836
20,unrel,stap,^lat,grik,comp,31,-0.010058
20,unrel,stap,^lat,grik,ctrl,31,-0.010058
20,unrel,stap,^lat,grik,targ,32,0.102668
20,unrel,stap,^lat,grik,comp,32,-0.010058
20,unrel,stap,^lat,grik,ctrl,32,-0.010058
20,unrel,stap,^lat,grik,targ,33,0.114553
20,unrel,stap,^lat,grik,comp,33,-0.010056
20,unrel,stap,^lat,grik,ctrl,33,-0.010056
20,unrel,stap,^lat,grik,targ,34,0.127947
20,unrel,stap,^lat,grik,comp,34,-0.010053
20,unrel,stap,^lat,grik,ctrl,34,-0.010053
20,unrel,stap,^lat,grik,targ,35,0.142070
20,unrel,stap,^lat,grik,comp,35,-0.010050
20,unrel,stap,^lat,grik,ctrl,35,-0.010050
20,unrel,stap,^lat,grik,targ,36,0.156471
20,unrel,stap,^lat,grik,comp,36,-0.010048
20,unrel,stap,^lat,grik,ctrl,36,-0.010048
20,unrel,stap,^lat,grik,targ,37,0.170756
20,unrel,stap,^lat,grik,comp,37,-0.010045
20,unrel,stap,^lat,grik,ctrl,37,-0.010045
20,unrel,stap,^lat,grik,targ,38,0.185400
20,unrel,stap,^lat,grik,comp,38,-0.010043
20,unrel,stap,^lat,grik,ctrl,38,-0.010043
20,unrel,stap,^lat,grik,targ,39,0.201663
20,unrel,stap,^lat,grik,comp,39,-0.010041
20,unrel,stap,^lat,grik,ctrl,39,-0.010041
20,unrel,stap,^lat,grik,targ,40,0.220034
20,unrel,stap,^lat,grik,comp,40,-0.010039
20,unrel,stap,^lat,grik,ctrl,40,-0.010039
20,unrel,stap,^lat,grik,targ,41,0.239677
20,unrel,stap,^lat,grik,comp,41,-0.010037
20,unrel,stap,^lat,grik,ctrl,41,-0.010037
20,unrel,stap,^lat,grik,targ,42,0.260004
20,unrel,stap,^lat,grik,comp,42,-0.010035
20,unrel,stap,^lat,grik,ctrl,42,-0.010035
20,unrel,stap,^lat,grik,targ,43,0.280529
20,unrel,stap,^lat,grik,comp,43,-0.010033
20,unrel,stap,^lat,grik,ctrl,43,-0.010033
20,unrel,stap,^lat,grik,targ,44,0.301004
20,unrel,stap,^lat,grik,comp,44,-0.010032
20,unrel,stap,^lat,grik,ctrl,44,-0.010032
20,unrel,stap,^lat,grik,targ,45,0.321259
20,unrel,stap,^lat,grik,comp,45,-0.010030
20,unrel,stap,^lat,grik,ctrl,45,-0.010030
20,unrel,stap,^lat,grik,targ,46,0.341259
20,unrel,stap,^lat,grik,comp,46,-0.010029
20,unrel,stap,^lat,grik,ctrl,46,-0.010029
20,unrel,stap,^lat,grik,targ,47,0.360906
20,unrel,stap,^lat,grik,comp,47,-0.010027
20,unrel,stap,^lat,grik,ctrl,47,-0.010027
20,unrel,stap,^lat,grik,targ,48,0.380158
20,unrel,stap,^lat,grik,comp,48,-0.010026
20,unrel,stap,^lat,grik,ctrl,48,-0.010026
20,unrel,stap,^lat,grik,targ,49,0.398991
20,unrel,stap,^lat,grik,comp,49,-0.010025
20,unrel,stap,^lat,grik,ctrl,49,-0.010025
20,unrel,stap,^lat,grik,targ,50,0.417422
20,unrel,stap,^lat,grik,comp,50,-0.010023
20,unrel,stap,^lat,grik,ctrl,50,-0.010023
20,unrel,stap,^lat,grik,targ,51,0.435479
20,unrel,stap,^lat,grik,comp,51,-0.010022
20,unrel,stap,^lat,grik,ctrl,51,-0.010022
20,unrel,stap,^lat,grik,targ,52,0.453058
20,unrel,stap,^lat,grik,comp,52,-0.010021
20,unrel,stap,^lat,grik,ctrl,52,-0.010021
20,unrel,stap,^lat,grik,targ,53,0.470060
20,unrel,stap,^lat,grik,comp,53,-0.010020
20,unrel,stap,^lat,grik,ctrl,53,-0.010020
20,unrel,stap,^lat,grik,targ,54,0.486404
20,unrel,stap,^lat,grik,comp,54,-0.010019
20,unrel,stap,^lat,grik,ctrl,54,-0.010019
20,unrel,stap,^lat,grik,targ,55,0.502061
20,unrel,stap,^lat,grik,comp,55,-0.010018
20,unrel,stap,^lat,grik,ctrl,55,-0.010018
20,unrel,stap,^lat,grik,targ,56,0.516984
20,unrel,stap,^lat,grik,comp,56,-0.010019
20,unrel,stap,^lat,grik,ctrl,56,-0.010019
20,unrel,stap,^lat,grik,targ,57,0.531136
20,unrel,stap,^lat,grik,comp,57,-0.010023
20,unrel,stap,^lat,grik,ctrl,57,-0.010023
20,unrel,stap,^lat,grik,targ,58,0.544460
20,unrel,stap,^lat,grik,comp,58,-0.010029
20,unrel,stap,^lat,grik,ctrl,58,-0.010029
20,unrel,stap,^lat,grik,targ,59,0.556869
20,unrel,stap,^lat,grik,comp,59,-0.010033
20,unrel,stap,^lat,grik,ctrl,59,-0.010033
20,unrel,stap,^lat,grik,targ,60,0.568287
20,unrel,stap,^lat,grik,comp,60,-0.010034
20,unrel,stap,^lat,grik,ctrl,60,-0.010034
20,unrel,stap,^lat,grik,targ,61,0.578703
20,unrel,stap,^lat,grik,comp,61,-0.010033
20,unrel,stap,^lat,grik,ctrl,61,-0.010033
20,unrel,stap,^lat,grik,targ,62,0.588120
20,unrel,stap,^lat,grik,comp,62,-0.010031
20,unrel,stap,^lat,grik,ctrl,62,-0.010031
20,unrel,stap,^lat,grik,targ,63,0.596553
20,unrel,stap,^lat,grik,comp,63,-0.010030
20,unrel,stap,^lat,grik,ctrl,63,-0.010030
20,unrel,stap,^lat,grik,targ,64,0.604069
20,unrel,stap,^lat,grik,comp,64,-0.010028
20,unrel,stap,^lat,grik,ctrl,64,-0.010028
20,unrel,stap,^lat,grik,targ,65,0.610737
20,unrel,stap,^lat,grik,comp,65,-0.010027
20,unrel,stap,^lat,grik,ctrl,65,-0.010027
20,unrel,stap,^lat,grik,targ,66,0.616623
20,unrel,stap,^lat,grik,comp,66,-0.010025
20,unrel,stap,^lat,grik,ctrl,66,-0.010025
20,unrel,stap,^lat,grik,targ,67,0.621785
20,unrel,stap,^lat,grik,comp,67,-0.010024
20,unrel,stap,^lat,grik,ctrl,67,-0.010024
20,unrel,stap,^lat,grik,targ,68,0.626271
20,unrel,stap,^lat,grik,comp,68,-0.010023
20,unrel,stap,^lat,grik,ctrl,68,-0.010023
20,unrel,stap,^lat,grik,targ,69,0.630140
20,unrel,stap,^lat,grik,comp,69,-0.010022
20,unrel,stap,^lat,grik,ctrl,69,-0.010022
20,unrel,stap,^lat,grik,targ,70,0.633450
20,unrel,stap,^lat,grik,comp,70,-0.010021
20,unrel,stap,^lat,grik,ctrl,70,-0.010021
20,unrel,stap,^lat,grik,targ,71,0.636260
20,unrel,stap,^lat,grik,comp,71,-0.010020
20,unrel,stap,^lat,grik,ctrl,71,-0.010020
20,unrel,stap,^lat,grik,targ,72,0.638639
20,unrel,stap,^lat,grik,comp,72,-0.010019
20,unrel,stap,^lat,grik,ctrl,72,-0.010019
20,unrel,stap,^lat,grik,targ,73,0.640645
20,unrel,stap,^lat,grik,comp,73,-0.010018
20,unrel,stap,^lat,grik,ctrl,73,-0.010018
20,unrel,stap,^lat,grik,targ,74,0.642348
20,unrel,stap,^lat,grik,comp,74,-0.010017
20,unrel,stap,^lat,grik,ctrl,74,-0.010017
20,unrel,stap,^lat,grik,targ,75,0.643803
20,unrel,stap,^lat,grik,comp,75,-0.010016
20,unrel,stap,^lat,grik,ctrl,75,-0.010016
20,unrel,stap,^lat,grik,targ,76,0.645054
20,unrel,stap,^lat,grik,comp,76,-0.010015
20,unrel,stap,^lat,grik,ctrl,76,-0.010015
20,unrel,stap,^lat,grik,targ,77,0.646142
20,unrel,stap,^lat,grik,comp,77,-0.010014
20,unrel,stap,^lat,grik,ctrl,77,-0.010014
20,unrel,stap,^lat,grik,targ,78,0.647097
20,unrel,stap,^lat,grik,comp,78,-0.010014
20,unrel,stap,^lat,grik,ctrl,78,-0.010014
20,unrel,stap,^lat,grik,targ,79,0.647944
20,unrel,stap,^lat,grik,comp,79,-0.010013
20,unrel,stap,^lat,grik,ctrl,79,-0.010013
20,unrel,stap,^lat,grik,targ,80,0.648705
20,unrel,stap,^lat,grik,comp,80,-0.010012
20,unrel,stap,^lat,grik,ctrl,80,-0.010012
20,unrel,stap,^lat,grik,targ,81,0.649395
20,unrel,stap,^lat,grik,comp,81,-0.010012
20,unrel,stap,^lat,grik,ctrl,81,-0.010012
20,unrel,stap,^lat,grik,targ,82,0.650027
20,unrel,stap,^lat,grik,comp,82,-0.010011
20,unrel,stap,^lat,grik,ctrl,82,-0.010011
20,unrel,stap,^lat,grik,targ,83,0.650614
20,unrel,stap,^lat,grik,comp,83,-0.010011
20,unrel,stap,^lat,grik,ctrl,83,-0.010011
20,unrel,stap,^lat,grik,targ,84,0.651166
20,unrel,stap,^lat,grik,comp,84,-0.010010
20,unrel,stap,^lat,grik,ctrl,84,-0.010010
20,unrel,stap,^lat,grik,targ,85,0.651737
20,unrel,stap,^lat,grik,comp,85,-0.010010
20,unrel,stap,^lat,grik,ctrl,85,-0.010010
20,unrel,stap,^lat,grik,targ,86,0.652330
20,unrel,stap,^lat,grik,comp,86,-0.010009
20,unrel,stap,^lat,grik,ctrl,86,-0.010009
20,unrel,stap,^lat,grik,targ,87,0.652934
20,unrel,stap,^lat,grik,comp,87,-0.010009
20,unrel,stap,^lat,grik,ctrl,87,-0.010009
20,unrel,stap,^lat,grik,targ,88,0.653545
20,unrel,stap,^lat,grik,comp,88,-0.010008
20,unrel,stap,^lat,grik,ctrl,88,-0.010008
20,unrel,stap,^lat,grik,targ,89,0.654157
20,unrel,stap,^lat,grik,comp,89,-0.010008
20,unrel,stap,^lat,grik,ctrl,89,-0.010008
20,unrel,stap,^lat,grik,targ,90,0.654766
20,unrel,stap,^lat,grik,comp,90,-0.010007
20,unrel,stap,^lat,grik,ctrl,90,-0.010007
21,unrel,^gri,sis,d^k,targ,1,-0.010000
21,unrel,^gri,sis,d^k,comp,1,-0.010000
21,unrel,^gri,sis,d^k,ctrl,1,-0.010000
21,unrel,^gri,sis,d^k,targ,2,-0.010000
21,unrel,^gri,sis,d^k,comp,2,-0.010000
21,unrel,^gri,sis,d^k,ctrl,2,-0.010000
21,unrel,^gri,sis,d^k,targ,3,-0.010000
21,unrel,^gri,sis,d^k,comp,3,-0.010000
21,unrel,^gri,sis,d^k,ctrl,3,-0.010000
21,unrel,^gri,sis,d^k,targ,4,-0.010000
21,unrel,^gri,sis,d^k,comp,4,-0.010000
21,unrel,^gri,sis,d^k,ctrl,4,-0.010000
21,unrel,^gri,sis,d^k,targ,5,-0.010000
21,unrel,^gri,sis,d^k,comp,5,-0.010000
21,unrel,^gri,sis,d^k,ctrl,5,-0.010000
21,unrel,^gri,sis,d^k,targ,6,-0.010000
21,unrel,^gri,sis,d^k,comp,6,-0.010000
21,unrel,^gri,sis,d^k,ctrl,6,-0.010000
21,unrel,^gri,sis,d^k,targ,7,-0.010000
21,unrel,^gri,sis,d^k,comp,7,-0.010000
21,unrel,^gri,sis,d^k,ctrl,7,-0.010000
21,unrel,^gri,sis,d^k,targ,8,-0.010000
21,unrel,^gri,sis,d^k,comp,8,-0.010000
21,unrel,^gri,sis,d^k,ctrl,8,-0.010000
21,unrel,^gri,sis,d^k,targ,9,-0.010000
21,unrel,^gri,sis,d^k,comp,9,-0.010000
21,unrel,^gri,sis,d^k,ctrl,9,-0.010000
21,unrel,^gri,sis,d^k,targ,10,-0.010000
21,unrel,^gri,sis,d^k,comp,10,-0.010000
21,unrel,^gri,sis,d^k,ctrl,10,-0.010000
21,unrel,^gri,sis,d^k,targ,11,-0.010000
21,unrel,^gri,sis,d^k,comp,11,-0.010000
21,unrel,^gri,sis,d^k,ctrl,11,-0.010000
21,unrel,^gri,sis,d^k,targ,12,-0.010000
21,unrel,^gri,sis,d^k,comp,12,-0.010000
21,unrel,^gri,sis,d^k,ctrl,12,-0.010000
21,unrel,^gri,sis,d^k,targ,13,-0.010000
21,unrel,^gri,sis,d^k,comp,13,-0.010000
21,unrel,^gri,sis,d^k,ctrl,13,-0.010000
21,unrel,^gri,sis,d^k,targ,14,-0.010000
21,unrel,^gri,sis,d^k,comp,14,-0.010000
21,unrel,^gri,sis,d^k,ctrl,14,-0.010000
21,unrel,^gri,sis,d^k,targ,15,-0.010000
21,unrel,^gri,sis,d^k,comp,15,-0.010000
21,unrel,^gri,sis,d^k,ctrl,15,-0.010000
21,unrel,^gri,sis,d^k,targ,16,-0.010000
21,unrel,^gri,sis,d^k,comp,16,-0.010000
21,unrel,^gri,sis,d^k,ctrl,16,-0.010000
21,unrel,^gri,sis,d^k,targ,17,-0.010000
21,unrel,^gri,sis,d^k,comp,17,-0.010000
21,unrel,^gri,sis,d^k,ctrl,17,-0.010000
21,unrel,^gri,sis,d^k,targ,18,-0.010000
21,unrel,^gri,sis,d^k,comp,18,-0.010000
21,unrel,^gri,sis,d^k,ctrl,18,-0.010000
21,unrel,^gri,sis,d^k,targ,19,-0.010000
21,unrel,^gri,sis,d^k,comp,19,-0.010000
21,unrel,^gri,sis,d^k,ctrl,19,-0.010000
21,unrel,^gri,sis,d^k,targ,20,-0.010000
21,unrel,^gri,sis,d^k,comp,20,-0.010000
21,unrel,^gri,sis,d^k,ctrl,20,-0.010000
21,unrel,^gri,sis,d^k,targ,21,-0.009217
21,unrel,^gri,sis,d^k,comp,21,-0.010000
21,unrel,^gri,sis,d^k,ctrl,21,-0.010000
21,unrel,^gri,sis,d^k,targ,22,-0.005777
21,unrel,^gri,sis,d^k,comp,22,-0.010000
21,unrel,^gri,sis,d^k,ctrl,22,-0.009445
21,unrel,^gri,sis,d^k,targ,23,0.001115
21,unrel,^gri,sis,d^k,comp,23,-0.010000
21,unrel,^gri,sis,d^k,ctrl,23,-0.005601
21,unrel,^gri,sis,d^k,targ,24,0.011229
21,unrel,^gri,sis,d^k,comp,24,-0.010000
21,unrel,^gri,sis,d^k,ctrl,24,0.001068
21,unrel,^gri,sis,d^k,targ,25,0.023146
21,unrel,^gri,sis,d^k,comp,25,-0.010000
21,unrel,^gri,sis,d^k,ctrl,25,0.009370
21,unrel,^gri,sis,d^k,targ,26,0.034584
21,unrel,^gri,sis,d^k,comp,26,-0.010001
21,unrel,^gri,sis,d^k,ctrl,26,0.017443
21,unrel,^gri,sis,d^k,targ,27,0.045769
21,unrel,^gri,sis,d^k,comp,27,-0.010003
21,unrel,^gri,sis,d^k,ctrl,27,0.024096
21,unrel,^gri,sis,d^k,targ,28,0.057999
21,unrel,^gri,sis,d^k,comp,28,-0.010006
21,unrel,^gri,sis,d^k,ctrl,28,0.030199
21,unrel,^gri,sis,d^k,targ,29,0.072128
21,unrel,^gri,sis,d^k,comp,29,-0.010009
21,unrel,^gri,sis,d^k,ctrl,29,0.036196
21,unrel,^gri,sis,d^k,targ,30,0.087264
21,unrel,^gri,sis,d^k,comp,30,-0.010011
21,unrel,^gri,sis,d^k,ctrl,30,0.042349
21,unrel,^gri,sis,d^k,targ,31,0.102682
21,unrel,^gri,sis,d^k,comp,31,-0.010012
21,unrel,^gri,sis,d^k,ctrl,31,0.048108
21,unrel,^gri,sis,d^k,targ,32,0.118026
21,unrel,^gri,sis,d^k,comp,32,-0.010013
21,unrel,^gri,sis,d^k,ctrl,32,0.053187
21,unrel,^gri,sis,d^k,targ,33,0.134541
21,unrel,^gri,sis,d^k,comp,33,-0.010013
21,unrel,^gri,sis,d^k,ctrl,33,0.057391
21,unrel,^gri,sis,d^k,targ,34,0.152640
21,unrel,^gri,sis,d^k,comp,34,-0.010012
21,unrel,^gri,sis,d^k,ctrl,34,0.060194
21,unrel,^gri,sis,d^k,targ,35,0.172385
21,unrel,^gri,sis,d^k,comp,35,-0.010012
21,unrel,^gri,sis,d^k,ctrl,35,0.061021
21,unrel,^gri,sis,d^k,targ,36,0.192665
21,unrel,^gri,sis,d^k,comp,36,-0.010011
21,unrel,^gri,sis,d^k,ctrl,36,0.059373
21,unrel,^gri,sis,d^k,targ,37,0.212607
21,unrel,^gri,sis,d^k,comp,37,-0.010011
21,unrel,^gri,sis,d^k,ctrl,37,0.055600
21,unrel,^gri,sis,d^k,targ,38,0.233035
21,unrel,^gri,sis,d^k,comp,38,-0.010010
21,unrel,^gri,sis,d^k,ctrl,38,0.050935
21,unrel,^gri,sis,d^k,targ,39,0.254089
21,unrel,^gri,sis,d^k,comp,39,-0.010010
21,unrel,^gri,sis,d^k,ctrl,39,0.045280
21,unrel,^gri,sis,d^k,targ,40,0.275416
21,unrel,^gri,sis,d^k,comp,40,-0.010009
21,unrel,^gri,sis,d^k,ctrl,40,0.038546
21,unrel,^gri,sis,d^k,targ,41,0.295826
21,unrel,^gri,sis,d^k,comp,41,-0.010009
21,unrel,^gri,sis,d^k,ctrl,41,0.030681
21,unrel,^gri,sis,d^k,targ,42,0.315064
21,unrel,^gri,sis,d^k,comp,42,-0.010008
21,unrel,^gri,sis,d^k,ctrl,42,0.021810
21,unrel,^gri,sis,d^k,targ,43,0.333021
21,unrel,^gri,sis,d^k,comp,43,-0.010008
21,unrel,^gri,sis,d^k,ctrl,43,0.012124
21,unrel,^gri,sis,d^k,targ,44,0.349501
21,unrel,^gri,sis,d^k,comp,44,-0.010007
21,unrel,^gri,sis,d^k,ctrl,44,0.001821
21,unrel,^gri,sis,d^k,targ,45,0.364490
21,unrel,^gri,sis,d^k,comp,45,-0.010007
21,unrel,^gri,sis,d^k,ctrl,45,-0.008897
21,unrel,^gri,sis,d^k,targ,46,0.378170
21,unrel,^gri,sis,d^k,comp,46,-0.010007
21,unrel,^gri,sis,d^k,ctrl,46,-0.010007
21,unrel,^gri,sis,d^k,targ,47,0.390831
21,unrel,^gri,sis,d^k,comp,47,-0.010006
21,unrel,^gri,sis,d^k,ctrl,47,-0.010006
21,unrel,^gri,sis,d^k,targ,48,0.402700
21,unrel,^gri,sis,d^k,comp,48,-0.010006
21,unrel,^gri,sis,d^k,ctrl,48,-0.010006
21,unrel,^gri,sis,d^k,targ,49,0.413943
21,unrel,^gri,sis,d^k,comp,49,-0.010006
21,unrel,^gri,sis,d^k,ctrl,49,-0.010006
21,unrel,^gri,sis,d^k,targ,50,0.424716
21,unrel,^gri,sis,d^k,comp,50,-0.010005
21,unrel,^gri,sis,d^k,ctrl,50,-0.010005
21,unrel,^gri,sis,d^k,targ,51,0.435141
21,unrel,^gri,sis,d^k,comp,51,-0.010005
21,unrel,^gri,sis,d^k,ctrl,51,-0.010005
21,unrel,^gri,sis,d^k,targ,52,0.445289
21,unrel,^gri,sis,d^k,comp,52,-0.010005
21,unrel,^gri,sis,d^k,ctrl,52,-0.010005
21,unrel,^gri,sis,d^k,targ,53,0.455255
21,unrel,^gri,sis,d^k,comp,53,-0.010005
21,unrel,^gri,sis,d^k,ctrl,53,-0.010005
21,unrel,^gri,sis,d^k,targ,54,0.465108
21,unrel,^gri,sis,d^k,comp,54,-0.010004
21,unrel,^gri,sis,d^k,ctrl,54,-0.010004
21,unrel,^gri,sis,d^k,targ,55,0.474909
21,unrel,^gri,sis,d^k,comp,55,-0.010004
21,unrel,^gri,sis,d^k,ctrl,55,-0.010004
21,unrel,^gri,sis,d^k,targ,56,0.484711
21,unrel,^gri,sis,d^k,comp,56,-0.010004
21,unrel,^gri,sis,d^k,ctrl,56,-0.010004
21,unrel,^gri,sis,d^k,targ,57,0.494479
21,unrel,^gri,sis,d^k,comp,57,-0.010004
21,unrel,^gri,sis,d^k,ctrl,57,-0.010004
21,unrel,^gri,sis,d^k,targ,58,0.504152
21,unrel,^gri,sis,d^k,comp,58,-0.010004
21,unrel,^gri,sis,d^k,ctrl,58,-0.010004
21,unrel,^gri,sis,d^k,targ,59,0.513671
21,unrel,^gri,sis,d^k,comp,59,-0.010003
21,unrel,^gri,sis,d^k,ctrl,59,-0.010003
21,unrel,^gri,sis,d^k,targ,60,0.522965
21,unrel,^gri,sis,d^k,comp,60,-0.010003
21,unrel,^gri,sis,d^k,ctrl,60,-0.010003
21,unrel,^gri,sis,d^k,targ,61,0.531932
21,unrel,^gri,sis,d^k,comp,61,-0.010003
21,unrel,^gri,sis,d^k,ctrl,61,-0.010003
21,unrel,^gri,sis,d^k,targ,62,0.540486
21,unrel,^gri,sis,d^k,comp,62,-0.010003
21,unrel,^gri,sis,d^k,ctrl,62,-0.010003
21,unrel,^gri,sis,d^k,targ,63,0.548561
21,unrel,^gri,sis,d^k,comp,63,-0.010003
21,unrel,^gri,sis,d^k,ctrl,63,-0.010003
21,unrel,^gri,sis,d^k,targ,64,0.556111
21,unrel,^gri,sis,d^k,comp,64,-0.010003
21,unrel,^gri,sis,d^k,ctrl,64,-0.010003
21,unrel,^gri,sis,d^k,targ,65,0.563107
21,unrel,^gri,sis,d^k,comp,65,-0.010003
21,unrel,^gri,sis,d^k,ctrl,65,-0.010003
21,unrel,^gri,sis,d^k,targ,66,0.569531
21,unrel,^gri,sis,d^k,comp,66,-0.010002
21,unrel,^gri,sis,d^k,ctrl,66,-0.010002
21,unrel,^gri,sis,d^k,targ,67,0.575383
21,unrel,^gri,sis,d^k,comp,67,-0.010002
21,unrel,^gri,sis,d^k,ctrl,67,-0.010002
21,unrel,^gri,sis,d^k,targ,68,0.580668
21,unrel,^gri,sis,d^k,comp,68,-0.010002
21,unrel,^gri,sis,d^k,ctrl,68,-0.010002
21,unrel,^gri,sis,d^k,targ,69,0.585395
21,unrel,^gri,sis,d^k,comp,69,-0.010002
21,unrel,^gri,sis,d^k,ctrl,69,-0.010002
21,unrel,^gri,sis,d^k,targ,70,0.589591
21,unrel,^gri,sis,d^k,comp,70,-0.010002
21,unrel,^gri,sis,d^k,ctrl,70,-0.010002
21,unrel,^gri,sis,d^k,targ,71,0.593303
21,unrel,^gri,sis,d^k,comp,71,-0.010002
21,unrel,^gri,sis,d^k,ctrl,71,-0.010002
21,unrel,^gri,sis,d^k,targ,72,0.596572
21,unrel,^gri,sis,d^k,comp,72,-0.010002
21,unrel,^gri,sis,d^k,ctrl,72,-0.010002
21,unrel,^gri,sis,d^k,targ,73,0.599449
21,unrel,^gri,sis,d^k,comp,73,-0.010002
21,unrel,^gri,sis,d^k,ctrl,73,-0.010002
21,unrel,^gri,sis,d^k,targ,74,0.601997
21,unrel,^gri,sis,d^k,comp,74,-0.010002
21,unrel,^gri,sis,d^k,ctrl,74,-0.010002
21,unrel,^gri,sis,d^k,targ,75,0.604266
21,unrel,^gri,sis,d^k,comp,75,-0.010002
21,unrel,^gri,sis,d^k,ctrl,75,-0.010002
21,unrel,^gri,sis,d^k,targ,76,0.606302
21,unrel,^gri,sis,d^k,comp,76,-0.010001
21,unrel,^gri,sis,d^k,ctrl,76,-0.010001
21,unrel,^gri,sis,d^k,targ,77,0.608166
21,unrel,^gri,sis,d^k,comp,77,-0.010001
21,unrel,^gri,sis,d^k,ctrl,77,-0.010001
21,unrel,^gri,sis,d^k,targ,78,0.609907
21,unrel,^gri,sis,d^k,comp,78,-0.010001
21,unrel,^gri,sis,d^k,ctrl,78,-0.010001
21,unrel,^gri,sis,d^k,targ,79,0.611564
21,unrel,^gri,sis,d^k,comp,79,-0.010001
21,unrel,^gri,sis,d^k,ctrl,79,-0.010001
21,unrel,^gri,sis,d^k,targ,80,0.613166
21,unrel,^gri,sis,d^k,comp,80,-0.010001
21,unrel,^gri,sis,d^k,ctrl,80,-0.010001
21,unrel,^gri,sis,d^k,targ,81,0.614737
21,unrel,^gri,sis,d^k,comp,81,-0.010001
21,unrel,^gri,sis,d^k,ctrl,81,-0.010001
21,unrel,^gri,sis,d^k,targ,82,0.616293
21,unrel,^gri,sis,d^k,comp,82,-0.010001
21,unrel,^gri,sis,d^k,ctrl,82,-0.010001
21,unrel,^gri,sis,d^k,targ,83,0.617845
21,unrel,^gri,sis,d^k,comp,83,-0.010001
21,unrel,^gri,sis,d^k,ctrl,83,-0.010001
21,unrel,^gri,sis,d^k,targ,84,0.619401
21,unrel,^gri,sis,d^k,comp,84,-0.010001
21,unrel,^gri,sis,d^k,ctrl,84,-0.010001
21,unrel,^gri,sis,d^k,targ,85,0.620968
21,unrel,^gri,sis,d^k,comp,85,-0.010001
21,unrel,^gri,sis,d^k,ctrl,85,-0.010001
21,unrel,^gri,sis,d^k,targ,86,0.622546
21,unrel,^gri,sis,d^k,comp,86,-0.010001
21,unrel,^gri,sis,d^k,ctrl,86,-0.010001
21,unrel,^gri,sis,d^k,targ,87,0.624137
21,unrel,^gri,sis,d^k,comp,87,-0.010001
21,unrel,^gri,sis,d^k,ctrl,87,-0.010001
21,unrel,^gri,sis,d^k,targ,88,0.625798
21,unrel,^gri,sis,d^k,comp,88,-0.010001
21,unrel,^gri,sis,d^k,ctrl,88,-0.010001
21,unrel,^gri,sis,d^k,targ,89,0.627516
21,unrel,^gri,sis,d^k,comp,89,-0.010001
21,unrel,^gri,sis,d^k,ctrl,89,-0.010001
21,unrel,^gri,sis,d^k,targ,90,0.629259
21,unrel,^gri,sis,d^k,comp,90,-0.010001
21,unrel,^gri,sis,d^k,ctrl,90,-0.010001
22,unrel,ril,skar,drap,targ,1,-0.010000
22,unrel,ril,skar,drap,comp,1,-0.010000
22,unrel,ril,skar,drap,ctrl,1,-0.010000
22,unrel,ril,skar,drap,targ,2,-0.010000
22,unrel,ril,skar,drap,comp,2,-0.010000
22,unrel,ril,skar,drap,ctrl,2,-0.010000
22,unrel,ril,skar,drap,targ,3,-0.010000
22,unrel,ril,skar,drap,comp,3,-0.010000
22,unrel,ril,skar,drap,ctrl,3,-0.010000
22,unrel,ril,skar,drap,targ,4,-0.010000
22,unrel,ril,skar,drap,comp,4,-0.010000
22,unrel,ril,skar,drap,ctrl,4,-0.010000
22,unrel,ril,skar,drap,targ,5,-0.010000
22,unrel,ril,skar,drap,comp,5,-0.010000
22,unrel,ril,skar,drap,ctrl,5,-0.010000
22,unrel,ril,skar,drap,targ,6,-0.010000
22,unrel,ril,skar,drap,comp,6,-0.010000
22,unrel,ril,skar,drap,ctrl,6,-0.010000
22,unrel,ril,skar,drap,targ,7,-0.010000
22,unrel,ril,skar,drap,comp,7,-0.010000
22,unrel,ril,skar,drap,ctrl,7,-0.010000
22,unrel,ril,skar,drap,targ,8,-0.010000
22,unrel,ril,skar,drap,comp,8,-0.010000
22,unrel,ril,skar,drap,ctrl,8,-0.010000
22,unrel,ril,skar,drap,targ,9,-0.010000
22,unrel,ril,skar,drap,comp,9,-0.010000
22,unrel,ril,skar,drap,ctrl,9,-0.010000
22,unrel,ril,skar,drap,targ,10,-0.010000
22,unrel,ril,skar,drap,comp,10,-0.010000
22,unrel,ril,skar,drap,ctrl,10,-0.010000
22,unrel,ril,skar,drap,targ,11,-0.010000
22,unrel,ril,skar,drap,comp,11,-0.010000
22,unrel,ril,skar,drap,ctrl,11,-0.010000
22,unrel,ril,skar,drap,targ,12,-0.010000
22,unrel,ril,skar,drap,comp,12,-0.010000
22,unrel,ril,skar,drap,ctrl,12,-0.010000
22,unrel,ril,skar,drap,targ,13,-0.010000
22,unrel,ril,skar,drap,comp,13,-0.010000
22,unrel,ril,skar,drap,ctrl,13,-0.010000
22,unrel,ril,skar,drap,targ,14,-0.010000
22,unrel,ril,skar,drap,comp,14,-0.010000
22,unrel,ril,skar,drap,ctrl,14,-0.010000
22,unrel,ril,skar,drap,targ,15,-0.010000
22,unrel,ril,skar,drap,comp,15,-0.010000
22,unrel,ril,skar,drap,ctrl,15,-0.010000
22,unrel,ril,skar,drap,targ,16,-0.010000
22,unrel,ril,skar,drap,comp,16,-0.010000
22,unrel,ril,skar,drap,ctrl,16,-0.010000
22,unrel,ril,skar,drap,targ,17,-0.010000
22,unrel,ril,skar,drap,comp,17,-0.010000
22,unrel,ril,skar,drap,ctrl,17,-0.010000
22,unrel,ril,skar,drap,targ,18,-0.010000
22,unrel,ril,skar,drap,comp,18,-0.010000
22,unrel,ril,skar,drap,ctrl,18,-0.010000
22,unrel,ril,skar,drap,targ,19,-0.010000
22,unrel,ril,skar,drap,comp,19,-0.010000
22,unrel,ril,skar,drap,ctrl,19,-0.010000
22,unrel,ril,skar,drap,targ,20,-0.010000
22,unrel,ril,skar,drap,comp,20,-0.010000
22,unrel,ril,skar,drap,ctrl,20,-0.010000
22,unrel,ril,skar,drap,targ,21,-0.009090
22,unrel,ril,skar,drap,comp,21,-0.010000
22,unrel,ril,skar,drap,ctrl,21,-0.010000
22,unrel,ril,skar,drap,targ,22,-0.005453
22,unrel,ril,skar,drap,comp,22,-0.010000
22,unrel,ril,skar,drap,ctrl,22,-0.009266
22,unrel,ril,skar,drap,targ,23,0.001732
22,unrel,ril,skar,drap,comp,23,-0.010000
22,unrel,ril,skar,drap,ctrl,23,-0.005138
22,unrel,ril,skar,drap,targ,24,0.012307
22,unrel,ril,skar,drap,comp,24,-0.010000
22,unrel,ril,skar,drap,ctrl,24,0.001996
22,unrel,ril,skar,drap,targ,25,0.024803
22,unrel,ril,skar,drap,comp,25,-0.010000
22,unrel,ril,skar,drap,ctrl,25,0.010666
22,unrel,ril,skar,drap,targ,26,0.036289
22,unrel,ril,skar,drap,comp,26,-0.010000
22,unrel,ril,skar,drap,ctrl,26,0.017541
22,unrel,ril,skar,drap,targ,27,0.046997
22,unrel,ril,skar,drap,comp,27,-0.010000
22,unrel,ril,skar,drap,ctrl,27,0.020686
22,unrel,ril,skar,drap,targ,28,0.058134
22,unrel,ril,skar,drap,comp,28,-0.010000
22,unrel,ril,skar,drap,ctrl,28,0.022253
22,unrel,ril,skar,drap,targ,29,0.070143
22,unrel,ril,skar,drap,comp,29,-0.010000
22,unrel,ril,skar,drap,ctrl,29,0.021828
22,unrel,ril,skar,drap,targ,30,0.082651
22,unrel,ril,skar,drap,comp,30,-0.010000
22,unrel,ril,skar,drap,ctrl,30,0.020328
22,unrel,ril,skar,drap,targ,31,0.094890
22,unrel,ril,skar,drap,comp,31,-0.010000
22,unrel,ril,skar,drap,ctrl,31,0.018206
22,unrel,ril,skar,drap,targ,32,0.106754
22,unrel,ril,skar,drap,comp,32,-0.010000
22,unrel,ril,skar,drap,ctrl,32,0.015562
22,unrel,ril,skar,drap,targ,33,0.120248
22,unrel,ril,skar,drap,comp,33,-0.010000
22,unrel,ril,skar,drap,ctrl,33,0.012486
22,unrel,ril,skar,drap,targ,34,0.136202
22,unrel,ril,skar,drap,comp,34,-0.010000
22,unrel,ril,skar,drap,ctrl,34,0.009007
22,unrel,ril,skar,drap,targ,35,0.154373
22,unrel,ril,skar,drap,comp,35,-0.010000
22,unrel,ril,skar,drap,ctrl,35,0.004838
22,unrel,ril,skar,drap,targ,36,0.174052
22,unrel,ril,skar,drap,comp,36,-0.010000
22,unrel,ril,skar,drap,ctrl,36,-0.000063
22,unrel,ril,skar,drap,targ,37,0.194657
22,unrel,ril,skar,drap,comp,37,-0.010000
22,unrel,ril,skar,drap,ctrl,37,-0.005686
22,unrel,ril,skar,drap,targ,38,0.215395
22,unrel,ril,skar,drap,comp,38,-0.010000
22,unrel,ril,skar,drap,ctrl,38,-0.010000
22,unrel,ril,skar,drap,targ,39,0.235640
22,unrel,ril,skar,drap,comp,39,-0.010000
22,unrel,ril,skar,drap,ctrl,39,-0.010000
22,unrel,ril,skar,drap,targ,40,0.255004
22,unrel,ril,skar,drap,comp,40,-0.010000
22,unrel,ril,skar,drap,ctrl,40,-0.010000
22,unrel,ril,skar,drap,targ,41,0.273189
22,unrel,ril,skar,drap,comp,41,-0.010000
22,unrel,ril,skar,drap,ctrl,41,-0.010000
22,unrel,ril,skar,drap,targ,42,0.290017
22,unrel,ril,skar,drap,comp,42,-0.010000
22,unrel,ril,skar,drap,ctrl,42,-0.010000
22,unrel,ril,skar,drap,targ,43,0.305530
22,unrel,ril,skar,drap,comp,43,-0.010000
22,unrel,ril,skar,drap,ctrl,43,-0.010000
22,unrel,ril,skar,drap,targ,44,0.319838
22,unrel,ril,skar,drap,comp,44,-0.010000
22,unrel,ril,skar,drap,ctrl,44,-0.010000
22,unrel,ril,skar,drap,targ,45,0.332982
22,unrel,ril,skar,drap,comp,45,-0.010000
22,unrel,ril,skar,drap,ctrl,45,-0.010000
22,unrel,ril,skar,drap,targ,46,0.345031
22,unrel,ril,skar,drap,comp,46,-0.010000
22,unrel,ril,skar,drap,ctrl,46,-0.010000
22,unrel,ril,skar,drap,targ,47,0.356150
22,unrel,ril,skar,drap,comp,47,-0.010000
22,unrel,ril,skar,drap,ctrl,47,-0.010000
22,unrel,ril,skar,drap,targ,48,0.366542
22,unrel,ril,skar,drap,comp,48,-0.010000
22,unrel,ril,skar,drap,ctrl,48,-0.010000
22,unrel,ril,skar,drap,targ,49,0.376355
22,unrel,ril,skar,drap,comp,49,-0.010000
22,unrel,ril,skar,drap,ctrl,49,-0.010000
22,unrel,ril,skar,drap,targ,50,0.385668
22,unrel,ril,skar,drap,comp,50,-0.010000
22,unrel,ril,skar,drap,ctrl,50,-0.010000
22,unrel,ril,skar,drap,targ,51,0.394539
22,unrel,ril,skar,drap,comp,51,-0.010000
22,unrel,ril,skar,drap,ctrl,51,-0.010000
22,unrel,ril,skar,drap,targ,52,0.403006
22,unrel,ril,skar,drap,comp,52,-0.010000
22,unrel,ril,skar,drap,ctrl,52,-0.010000
22,unrel,ril,skar,drap,targ,53,0.411093
22,unrel,ril,skar,drap,comp,53,-0.010000
22,unrel,ril,skar,drap,ctrl,53,-0.010000
22,unrel,ril,skar,drap,targ,54,0.418831
22,unrel,ril,skar,drap,comp,54,-0.010000
22,unrel,ril,skar,drap,ctrl,54,-0.010000
22,unrel,ril,skar,drap,targ,55,0.426257
22,unrel,ril,skar,drap,comp,55,-0.010000
22,unrel,ril,skar,drap,ctrl,55,-0.010000
22,unrel,ril,skar,drap,targ,56,0.433395
22,unrel,ril,skar,drap,comp,56,-0.010000
22,unrel,ril,skar,drap,ctrl,56,-0.010000
22,unrel,ril,skar,drap,targ,57,0.440269
22,unrel,ril,skar,drap,comp,57,-0.010000
22,unrel,ril,skar,drap,ctrl,57,-0.010000
22,unrel,ril,skar,drap,targ,58,0.446910
22,unrel,ril,skar,drap,comp,58,-0.010000
22,unrel,ril,skar,drap,ctrl,58,-0.010000
22,unrel,ril,skar,drap,targ,59,0.453343
22,unrel,ril,skar,drap,comp,59,-0.010000
22,unrel,ril,skar,drap,ctrl,59,-0.010000
22,unrel,ril,skar,drap,targ,60,0.459585
22,unrel,ril,skar,drap,comp,60,-0.010000
22,unrel,ril,skar,drap,ctrl,60,-0.010000
22,unrel,ril,skar,drap,targ,61,0.465651
22,unrel,ril,skar,drap,comp,61,-0.010000
22,unrel,ril,skar,drap,ctrl,61,-0.010000
22,unrel,ril,skar,drap,targ,62,0.471556
22,unrel,ril,skar,drap,comp,62,-0.010000
22,unrel,ril,skar,drap,ctrl,62,-0.010000
22,unrel,ril,skar,drap,targ,63,0.477304
22,unrel,ril,skar,drap,comp,63,-0.010000
22,unrel,ril,skar,drap,ctrl,63,-0.010000
22,unrel,ril,skar,drap,targ,64,0.482874
22,unrel,ril,skar,drap,comp,64,-0.010000
22,unrel,ril,skar,drap,ctrl,64,-0.010000
22,unrel,ril,skar,drap,targ,65,0.488240
22,unrel,ril,skar,drap,comp,65,-0.010000
22,unrel,ril,skar,drap,ctrl,65,-0.010000
22,unrel,ril,skar,drap,targ,66,0.493383
22,unrel,ril,skar,drap,comp,66,-0.010000
22,unrel,ril,skar,drap,ctrl,66,-0.010000
22,unrel,ril,skar,drap,targ,67,0.498290
22,unrel,ril,skar,drap,comp,67,-0.010000
22,unrel,ril,skar,drap,ctrl,67,-0.010000
22,unrel,ril,skar,drap,targ,68,0.502948
22,unrel,ril,skar,drap,comp,68,-0.010000
22,unrel,ril,skar,drap,ctrl,68,-0.010000
22,unrel,ril,skar,drap,targ,69,0.507347
22,unrel,ril,skar,drap,comp,69,-0.010000
22,unrel,ril,skar,drap,ctrl,69,-0.010000
22,unrel,ril,skar,drap,targ,70,0.511482
22,unrel,ril,skar,drap,comp,70,-0.010000
22,unrel,ril,skar,drap,ctrl,70,-0.010000
22,unrel,ril,skar,drap,targ,71,0.515350
22,unrel,ril,skar,drap,comp,71,-0.010000
22,unrel,ril,skar,drap,ctrl,71,-0.010000
22,unrel,ril,skar,drap,targ,72,0.518950
22,unrel,ril,skar,drap,comp,72,-0.010000
22,unrel,ril,skar,drap,ctrl,72,-0.010000
22,unrel,ril,skar,drap,targ,73,0.522282
22,unrel,ril,skar,drap,comp,73,-0.010000
22,unrel,ril,skar,drap,ctrl,73,-0.010000
22,unrel,ril,skar,drap,targ,74,0.525338
22,unrel,ril,skar,drap,comp,74,-0.010000
22,unrel,ril,skar,drap,ctrl,74,-0.010000
22,unrel,ril,skar,drap,targ,75,0.528115
22,unrel,ril,skar,drap,comp,75,-0.010000
22,unrel,ril,skar,drap,ctrl,75,-0.010000
22,unrel,ril,skar,drap,targ,76,0.530613
22,unrel,ril,skar,drap,comp,76,-0.010000
22,unrel,ril,skar,drap,ctrl,76,-0.010000
22,unrel,ril,skar,drap,targ,77,0.532838
22,unrel,ril,skar,drap,comp,77,-0.010000
22,unrel,ril,skar,drap,ctrl,77,-0.010000
22,unrel,ril,skar,drap,targ,78,0.534795
22,unrel,ril,skar,drap,comp,78,-0.010000
22,unrel,ril,skar,drap,ctrl,78,-0.010000
22,unrel,ril,skar,drap,targ,79,0.536496
22,unrel,ril,skar,drap,comp,79,-0.010000
22,unrel,ril,skar,drap,ctrl,79,-0.010000
22,unrel,ril,skar,drap,targ,80,0.537950
22,unrel,ril,skar,drap,comp,80,-0.010000
22,unrel,ril,skar,drap,ctrl,80,-0.010000
22,unrel,ril,skar,drap,targ,81,0.539171
22,unrel,ril,skar,drap,comp,81,-0.010000
22,unrel,ril,skar,drap,ctrl,81,-0.010000
22,unrel,ril,skar,drap,targ,82,0.540178
22,unrel,ril,skar,drap,comp,82,-0.010000
22,unrel,ril,skar,drap,ctrl,82,-0.010000
22,unrel,ril,skar,drap,targ,83,0.541000
22,unrel,ril,skar,drap,comp,83,-0.010000
22,unrel,ril,skar,drap,ctrl,83,-0.010000
22,unrel,ril,skar,drap,targ,84,0.541660
22,unrel,ril,skar,drap,comp,84,-0.010000
22,unrel,ril,skar,drap,ctrl,84,-0.010000
22,unrel,ril,skar,drap,targ,85,0.542179
22,unrel,ril,skar,drap,comp,85,-0.010000
22,unrel,ril,skar,drap,ctrl,85,-0.010000
22,unrel,ril,skar,drap,targ,86,0.542574
22,unrel,ril,skar,drap,comp,86,-0.010000
22,unrel,ril,skar,drap,ctrl,86,-0.010000
22,unrel,ril,skar,drap,targ,87,0.542859
22,unrel,ril,skar,drap,comp,87,-0.010000
22,unrel,ril,skar,drap,ctrl,87,-0.010000
22,unrel,ril,skar,drap,targ,88,0.543046
22,unrel,ril,skar,drap,comp,88,-0.010000
22,unrel,ril,skar,drap,ctrl,88,-0.010000
22,unrel,ril,skar,drap,targ,89,0.543146
22,unrel,ril,skar,drap,comp,89,-0.010000
22,unrel,ril,skar,drap,ctrl,89,-0.010000
22,unrel,ril,skar,drap,targ,90,0.543171
22,unrel,ril,skar,drap,comp,90,-0.010000
22,unrel,ril,skar,drap,ctrl,90,-0.010000
23,unrel,spik,^lat,list,targ,1,-0.010000
23,unrel,spik,^lat,list,comp,1,-0.010000
23,unrel,spik,^lat,list,ctrl,1,-0.010000
23,unrel,spik,^lat,list,targ,2,-0.010000
23,unrel,spik,^lat,list,comp,2,-0.010000
23,unrel,spik,^lat,list,ctrl,2,-0.010000
23,unrel,spik,^lat,list,targ,3,-0.010000
23,unrel,spik,^lat,list,comp,3,-0.010000
23,unrel,spik,^lat,list,ctrl,3,-0.010000
23,unrel,spik,^lat,list,targ,4,-0.010000
23,unrel,spik,^lat,list,comp,4,-0.010000
23,unrel,spik,^lat,list,ctrl,4,-0.010000
23,unrel,spik,^lat,list,targ,5,-0.010000
23,unrel,spik,^lat,list,comp,5,-0.010000
23,unrel,spik,^lat,list,ctrl,5,-0.010000
23,unrel,spik,^lat,list,targ,6,-0.010000
23,unrel,spik,^lat,list,comp,6,-0.010000
23,unrel,spik,^lat,list,ctrl,6,-0.010000
23,unrel,spik,^lat,list,targ,7,-0.010000
23,unrel,spik,^lat,list,comp,7,-0.010000
23,unrel,spik,^lat,list,ctrl,7,-0.010000
23,unrel,spik,^lat,list,targ,8,-0.010000
23,unrel,spik,^lat,list,comp,8,-0.010000
23,unrel,spik,^lat,list,ctrl,8,-0.010000
23,unrel,spik,^lat,list,targ,9,-0.010000
23,unrel,spik,^lat,list,comp,9,-0.010000
23,unrel,spik,^lat,list,ctrl,9,-0.010000
23,unrel,spik,^lat,list,targ,10,-0.010000
23,unrel,spik,^lat,list,comp,10,-0.010000
23,unrel,spik,^lat,list,ctrl,10,-0.010000
23,unrel,spik,^lat,list,targ,11,-0.010000
23,unrel,spik,^lat,list,comp,11,-0.010000
23,unrel,spik,^lat,list,ctrl,11,-0.010000
23,unrel,spik,^lat,list,targ,12,-0.010000
23,unrel,spik,^lat,list,comp,12,-0.010000
23,unrel,spik,^lat,list,ctrl,12,-0.010000
23,unrel,spik,^lat,list,targ,13,-0.010000
23,unrel,spik,^lat,list,comp,13,-0.010000
23,unrel,spik,^lat,list,ctrl,13,-0.010000
23,unrel,spik,^lat,list,targ,14,-0.010000
23,unrel,spik,^lat,list,comp,14,-0.010000
23,unrel,spik,^lat,list,ctrl,14,-0.010000
23,unrel,spik,^lat,list,targ,15,-0.010000
23,unrel,spik,^lat,list,comp,15,-0.010000
23,unrel,spik,^lat,list,ctrl,15,-0.010000
23,unrel,spik,^lat,list,targ,16,-0.010000
23,unrel,spik,^lat,list,comp,16,-0.010000
23,unrel,spik,^lat,list,ctrl,16,-0.010000
23,unrel,spik,^lat,list,targ,17,-0.010000
23,unrel,spik,^lat,list,comp,17,-0.010000
23,unrel,spik,^lat,list,ctrl,17,-0.010000
23,unrel,spik,^lat,list,targ,18,-0.010000
23,unrel,spik,^lat,list,comp,18,-0.010000
23,unrel,spik,^lat,list,ctrl,18,-0.010000
23,unrel,spik,^lat,list,targ,19,-0.010000
23,unrel,spik,^lat,list,comp,19,-0.010000
23,unrel,spik,^lat,list,ctrl,19,-0.010000
23,unrel,spik,^lat,list,targ,20,-0.010000
23,unrel,spik,^lat,list,comp,20,-0.010000
23,unrel,spik,^lat,list,ctrl,20,-0.010000
23,unrel,spik,^lat,list,targ,21,-0.009217
23,unrel,spik,^lat,list,comp,21,-0.010000
23,unrel,spik,^lat,list,ctrl,21,-0.010000
23,unrel,spik,^lat,list,targ,22,-0.005728
23,unrel,spik,^lat,list,comp,22,-0.010000
23,unrel,spik,^lat,list,ctrl,22,-0.010000
23,unrel,spik,^lat,list,targ,23,0.001462
23,unrel,spik,^lat,list,comp,23,-0.010000
23,unrel,spik,^lat,list,ctrl,23,-0.010000
23,unrel,spik,^lat,list,targ,24,0.012367
23,unrel,spik,^lat,list,comp,24,-0.010000
23,unrel,spik,^lat,list,ctrl,24,-0.010000
23,unrel,spik,^lat,list,targ,25,0.025169
23,unrel,spik,^lat,list,comp,25,-0.010002
23,unrel,spik,^lat,list,ctrl,25,-0.010002
23,unrel,spik,^lat,list,targ,26,0.035364
23,unrel,spik,^lat,list,comp,26,-0.010011
23,unrel,spik,^lat,list,ctrl,26,-0.010011
23,unrel,spik,^lat,list,targ,27,0.044867
23,unrel,spik,^lat,list,comp,27,-0.010024
23,unrel,spik,^lat,list,ctrl,27,-0.010024
23,unrel,spik,^lat,list,targ,28,0.054625
23,unrel,spik,^lat,list,comp,28,-0.010038
23,unrel,spik,^lat,list,ctrl,28,-0.010038
23,unrel,spik,^lat,list,targ,29,0.065663
23,unrel,spik,^lat,list,comp,29,-0.010049
23,unrel,spik,^lat,list,ctrl,29,-0.010049
23,unrel,spik,^lat,list,targ,30,0.077015
23,unrel,spik,^lat,list,comp,30,-0.010058
23,unrel,spik,^lat,list,ctrl,30,-0.010058
23,unrel,spik,^lat,list,targ,31,0.088479
23,unrel,spik,^lat,list,comp,31,-0.010063
23,unrel,spik,^lat,list,ctrl,31,-0.010063
23,unrel,spik,^lat,list,targ,32,0.099979
23,unrel,spik,^lat,list,comp,32,-0.010065
23,unrel,spik,^lat,list,ctrl,32,-0.010065
23,unrel,spik,^lat,list,targ,33,0.113521
23,unrel,spik,^lat,list,comp,33,-0.010064
23,unrel,spik,^lat,list,ctrl,33,-0.010064
23,unrel,spik,^lat,list,targ,34,0.129198
23,unrel,spik,^lat,list,comp,34,-0.010062
23,unrel,spik,^lat,list,ctrl,34,-0.010062
23,unrel,spik,^lat,list,targ,35,0.145940
23,unrel,spik,^lat,list,comp,35,-0.010060
23,unrel,spik,^lat,list,ctrl,35,-0.010060
23,unrel,spik,^lat,list,targ,36,0.163039
23,unrel,spik,^lat,list,comp,36,-0.010057
23,unrel,spik,^lat,list,ctrl,36,-0.010057
23,unrel,spik,^lat,list,targ,37,0.179829
23,unrel,spik,^lat,list,comp,37,-0.010054
23,unrel,spik,^lat,list,ctrl,37,-0.010054
23,unrel,spik,^lat,list,targ,38,0.196240
23,unrel,spik,^lat,list,comp,38,-0.010051
23,unrel,spik,^lat,list,ctrl,38,-0.010051
23,unrel,spik,^lat,list,targ,39,0.214093
23,unrel,spik,^lat,list,comp,39,-0.010049
23,unrel,spik,^lat,list,ctrl,39,-0.010049
23,unrel,spik,^lat,list,targ,40,0.234297
23,unrel,spik,^lat,list,comp,40,-0.010046
23,unrel,spik,^lat,list,ctrl,40,-0.010046
23,unrel,spik,^lat,list,targ,41,0.255907
23,unrel,spik,^lat,list,comp,41,-0.010044
23,unrel,spik,^lat,list,ctrl,41,-0.010044
23,unrel,spik,^lat,list,targ,42,0.278093
23,unrel,spik,^lat,list,comp,42,-0.010042
23,unrel,spik,^lat,list,ctrl,42,-0.010042
23,unrel,spik,^lat,list,targ,43,0.300419
23,unrel,spik,^lat,list,comp,43,-0.010040
23,unrel,spik,^lat,list,ctrl,43,-0.010040
23,unrel,spik,^lat,list,targ,44,0.322626
23,unrel,spik,^lat,list,comp,44,-0.010038
23,unrel,spik,^lat,list,ctrl,44,-0.010038
23,unrel,spik,^lat,list,targ,45,0.344486
23,unrel,spik,^lat,list,comp,45,-0.010036
23,unrel,spik,^lat,list,ctrl,45,-0.010036
23,unrel,spik,^lat,list,targ,46,0.365872
23,unrel,spik,^lat,list,comp,46,-0.010034
23,unrel,spik,^lat,list,ctrl,46,-0.010034
23,unrel,spik,^lat,list,targ,47,0.386650
23,unrel,spik,^lat,list,comp,47,-0.010032
23,unrel,spik,^lat,list,ctrl,47,-0.010032
23,unrel,spik,^lat,list,targ,48,0.406796
23,unrel,spik,^lat,list,comp,48,-0.010031
23,unrel,spik,^lat,list,ctrl,48,-0.010031
23,unrel,spik,^lat,list,targ,49,0.426198
23,unrel,spik,^lat,list,comp,49,-0.010032
23,unrel,spik,^lat,list,ctrl,49,-0.010032
23,unrel,spik,^lat,list,targ,50,0.444735
23,unrel,spik,^lat,list,comp,50,-0.010045
23,unrel,spik,^lat,list,ctrl,50,-0.010045
23,unrel,spik,^lat,list,targ,51,0.462301
23,unrel,spik,^lat,list,comp,51,-0.010075
23,unrel,spik,^lat,list,ctrl,51,-0.010075
23,unrel,spik,^lat,list,targ,52,0.478836
23,unrel,spik,^lat,list,comp,52,-0.010121
23,unrel,spik,^lat,list,ctrl,52,-0.010121
23,unrel,spik,^lat,list,targ,53,0.494342
23,unrel,spik,^lat,list,comp,53,-0.010176
23,unrel,spik,^lat,list,ctrl,53,-0.010176
23,unrel,spik,^lat,list,targ,54,0.508849
23,unrel,spik,^lat,list,comp,54,-0.010232
23,unrel,spik,^lat,list,ctrl,54,-0.010232
23,unrel,spik,^lat,list,targ,55,0.522377
23,unrel,spik,^lat,list,comp,55,-0.010285
23,unrel,spik,^lat,list,ctrl,55,-0.010285
23,unrel,spik,^lat,list,targ,56,0.534922
23,unrel,spik,^lat,list,comp,56,-0.010331
23,unrel,spik,^lat,list,ctrl,56,-0.010331
23,unrel,spik,^lat,list,targ,57,0.546477
23,unrel,spik,^lat,list,comp,57,-0.010366
23,unrel,spik,^lat,list,ctrl,57,-0.010366
23,unrel,spik,^lat,list,targ,58,0.557088
23,unrel,spik,^lat,list,comp,58,-0.010391
23,unrel,spik,^lat,list,ctrl,58,-0.010391
23,unrel,spik,^lat,list,targ,59,0.566818
23,unrel,spik,^lat,list,comp,59,-0.010407
23,unrel,spik,^lat,list,ctrl,59,-0.010407
23,unrel,spik,^lat,list,targ,60,0.575713
23,unrel,spik,^lat,list,comp,60,-0.010414
23,unrel,spik,^lat,list,ctrl,60,-0.010414
23,unrel,spik,^lat,list,targ,61,0.583799
23,unrel,spik,^lat,list,comp,61,-0.010413
23,unrel,spik,^lat,list,ctrl,61,-0.010413
23,unrel,spik,^lat,list,targ,62,0.591086
23,unrel,spik,^lat,list,comp,62,-0.010406
23,unrel,spik,^lat,list,ctrl,62,-0.010406
23,unrel,spik,^lat,list,targ,63,0.597584
23,unrel,spik,^lat,list,comp,63,-0.010393
23,unrel,spik,^lat,list,ctrl,63,-0.010393
23,unrel,spik,^lat,list,targ,64,0.603305
23,unrel,spik,^lat,list,comp,64,-0.010376
23,unrel,spik,^lat,list,ctrl,64,-0.010376
23,unrel,spik,^lat,list,targ,65,0.608286
23,unrel,spik,^lat,list,comp,65,-0.010357
23,unrel,spik,^lat,list,ctrl,65,-0.010357
23,unrel,spik,^lat,list,targ,66,0.612570
23,unrel,spik,^lat,list,comp,66,-0.010339
23,unrel,spik,^lat,list,ctrl,66,-0.010339
23,unrel,spik,^lat,list,targ,67,0.616238
23,unrel,spik,^lat,list,comp,67,-0.010322
23,unrel,spik,^lat,list,ctrl,67,-0.010322
23,unrel,spik,^lat,list,targ,68,0.619406
23,unrel,spik,^lat,list,comp,68,-0.010306
23,unrel,spik,^lat,list,ctrl,68,-0.010306
23,unrel,spik,^lat,list,targ,69,0.622122
23,unrel,spik,^lat,list,comp,69,-0.010291
23,unrel,spik,^lat,list,ctrl,69,-0.010291
23,unrel,spik,^lat,list,targ,70,0.624429
23,unrel,spik,^lat,list,comp,70,-0.010276
23,unrel,spik,^lat,list,ctrl,70,-0.010276
23,unrel,spik,^lat,list,targ,71,0.626392
23,unrel,spik,^lat,list,comp,71,-0.010262
23,unrel,spik,^lat,list,ctrl,71,-0.010262
23,unrel,spik,^lat,list,targ,72,0.628078
23,unrel,spik,^lat,list,comp,72,-0.010249
23,unrel,spik,^lat,list,ctrl,72,-0.010249
23,unrel,spik,^lat,list,targ,73,0.629540
23,unrel,spik,^lat,list,comp,73,-0.010237
23,unrel,spik,^lat,list,ctrl,73,-0.010237
23,unrel,spik,^lat,list,targ,74,0.630822
23,unrel,spik,^lat,list,comp,74,-0.010225
23,unrel,spik,^lat,list,ctrl,74,-0.010225
23,unrel,spik,^lat,list,targ,75,0.631960
23,unrel,spik,^lat,list,comp,75,-0.010214
23,unrel,spik,^lat,list,ctrl,75,-0.010214
23,unrel,spik,^lat,list,targ,76,0.632983
23,unrel,spik,^lat,list,comp,76,-0.010203
23,unrel,spik,^lat,list,ctrl,76,-0.010203
23,unrel,spik,^lat,list,targ,77,0.633916
23,unrel,spik,^lat,list,comp,77,-0.010193
23,unrel,spik,^lat,list,ctrl,77,-0.010193
23,unrel,spik,^lat,list,targ,78,0.634784
23,unrel,spik,^lat,list,comp,78,-0.010183
23,unrel,spik,^lat,list,ctrl,78,-0.010183
23,unrel,spik,^lat,list,targ,79,0.635607
23,unrel,spik,^lat,list,comp,79,-0.010174
23,unrel,spik,^lat,list,ctrl,79,-0.010174
23,unrel,spik,^lat,list,targ,80,0.636402
23,unrel,spik,^lat,list,comp,80,-0.010165
23,unrel,spik,^lat,list,ctrl,80,-0.010165
23,unrel,spik,^lat,list,targ,81,0.637185
23,unrel,spik,^lat,list,comp,81,-0.010157
23,unrel,spik,^lat,list,ctrl,81,-0.010157
23,unrel,spik,^lat,list,targ,82,0.637971
23,unrel,spik,^lat,list,comp,82,-0.010149
23,unrel,spik,^lat,list,ctrl,82,-0.010149
23,unrel,spik,^lat,list,targ,83,0.638771
23,unrel,spik,^lat,list,comp,83,-0.010142
23,unrel,spik,^lat,list,ctrl,83,-0.010142
23,unrel,spik,^lat,list,targ,84,0.639594
23,unrel,spik,^lat,list,comp,84,-0.010135
23,unrel,spik,^lat,list,ctrl,84,-0.010135
23,unrel,spik,^lat,list,targ,85,0.640448
23,unrel,spik,^lat,list,comp,85,-0.010128
23,unrel,spik,^lat,list,ctrl,85,-0.010128
23,unrel,spik,^lat,list,targ,86,0.641332
23,unrel,spik,^lat,list,comp,86,-0.010122
23,unrel,spik,^lat,list,ctrl,86,-0.010122
23,unrel,spik,^lat,list,targ,87,0.642247
23,unrel,spik,^lat,list,comp,87,-0.010115
23,unrel,spik,^lat,list,ctrl,87,-0.010115
23,unrel,spik,^lat,list,targ,88,0.643187
23,unrel,spik,^lat,list,comp,88,-0.010110
23,unrel,spik,^lat,list,ctrl,88,-0.010110
23,unrel,spik,^lat,list,targ,89,0.644148
23,unrel,spik,^lat,list,comp,89,-0.010104
23,unrel,spik,^lat,list,ctrl,89,-0.010104
23,unrel,spik,^lat,list,targ,90,0.645123
23,unrel,spik,^lat,list,comp,90,-0.010099
23,unrel,spik,^lat,list,ctrl,90,-0.010099
